# Blender 3.3.21
# www.blender.org
mtllib Typical.mtl
o Plane
v -1.000000 0.000000 1.000000
v 1.000000 0.000000 1.000000
v -1.000000 0.000000 -1.000000
v 1.000000 0.000000 -1.000000
v -1.000000 2.000000 -1.000000
v 1.000000 2.000000 -1.000000
v -1.000000 2.000000 1.000000
v 1.000000 2.000000 1.000000
v -1.000000 2.000000 -1.000000
v 1.000000 2.000000 -1.000000
v -1.000000 2.000000 1.000000
v 1.000000 2.000000 1.000000
vn -0.0000 1.0000 -0.0000
vn -0.0000 -0.0000 1.0000
vn -1.0000 -0.0000 -0.0000
vn 1.0000 -0.0000 -0.0000
vn -0.0000 -1.0000 -0.0000
vt 0.000000 0.000000
vt 1.000000 0.000000
vt 0.000000 1.000000
vt 1.000000 1.000000
vt 0.000000 1.000000
vt 1.000000 1.000000
vt 0.000000 0.000000
vt 1.000000 0.000000
vt 0.000000 1.000000
vt 1.000000 1.000000
vt 0.000000 1.000000
vt 1.000000 1.000000
s 0
usemtl Material.001
f 1/1/1 2/2/1 4/4/1 3/3/1
f 3/3/2 4/4/2 6/6/2 5/5/2
f 4/4/3 2/2/3 8/8/3 10/10/3
f 1/1/4 3/3/4 9/9/4 7/7/4
f 5/5/5 6/6/5 12/12/5 11/11/5
o Sphere
v -0.627881 0.597814 -0.414227
v -0.627881 0.508448 -0.503594
v -0.627881 0.391685 -0.551959
v -0.627881 0.328493 -0.558182
v -0.627881 0.265302 -0.551959
v -0.627881 0.148539 -0.503594
v -0.615553 0.646179 -0.296250
v -0.603698 0.627747 -0.355846
v -0.592773 0.597814 -0.410770
v -0.583198 0.557532 -0.458911
v -0.575339 0.508448 -0.498419
v -0.569499 0.452448 -0.527776
v -0.565903 0.391685 -0.545854
v -0.564689 0.328493 -0.551959
v -0.565903 0.265302 -0.545854
v -0.569499 0.204538 -0.527776
v -0.575339 0.148539 -0.498419
v -0.583198 0.099455 -0.458911
v -0.592773 0.059172 -0.410770
v -0.603698 0.029240 -0.355846
v -0.615553 0.010807 -0.296250
v -0.603698 0.646179 -0.292654
v -0.580445 0.627747 -0.348792
v -0.559015 0.597814 -0.400529
v -0.540232 0.557532 -0.445877
v -0.524816 0.508448 -0.483093
v -0.513362 0.452448 -0.510747
v -0.506308 0.391685 -0.527776
v -0.503926 0.328493 -0.533526
v -0.506308 0.265302 -0.527776
v -0.513362 0.204538 -0.510747
v -0.524816 0.148539 -0.483093
v -0.540232 0.099455 -0.445877
v -0.559015 0.059172 -0.400529
v -0.580445 0.029240 -0.348792
v -0.603698 0.010807 -0.292654
v -0.592773 0.646179 -0.286815
v -0.559015 0.627747 -0.337337
v -0.527903 0.597814 -0.383899
v -0.500634 0.557532 -0.424711
v -0.478254 0.508448 -0.458205
v -0.461625 0.452448 -0.483093
v -0.451384 0.391685 -0.498419
v -0.447926 0.328493 -0.503594
v -0.451384 0.265302 -0.498419
v -0.461625 0.204538 -0.483093
v -0.478254 0.148539 -0.458205
v -0.500634 0.099455 -0.424711
v -0.527903 0.059172 -0.383899
v -0.559015 0.029240 -0.337337
v -0.592773 0.010807 -0.286815
v -0.583198 0.646179 -0.278956
v -0.540232 0.627747 -0.321922
v -0.500634 0.597814 -0.361520
v -0.465926 0.557532 -0.396228
v -0.437442 0.508448 -0.424711
v -0.416277 0.452448 -0.445877
v -0.403243 0.391685 -0.458910
v -0.398842 0.328493 -0.463311
v -0.403243 0.265302 -0.458910
v -0.416277 0.204538 -0.445877
v -0.437442 0.148539 -0.424711
v -0.465926 0.099455 -0.396228
v -0.500634 0.059172 -0.361520
v -0.540232 0.029240 -0.321922
v -0.583198 0.010807 -0.278956
v -0.575339 0.646179 -0.269380
v -0.524816 0.627747 -0.303138
v -0.478254 0.597814 -0.334250
v -0.437442 0.557532 -0.361520
v -0.403949 0.508448 -0.383899
v -0.379061 0.452448 -0.400529
v -0.363735 0.391685 -0.410769
v -0.358560 0.328493 -0.414227
v -0.363735 0.265302 -0.410769
v -0.379061 0.204538 -0.400529
v -0.403949 0.148539 -0.383899
v -0.437442 0.099455 -0.361520
v -0.478254 0.059172 -0.334250
v -0.524816 0.029240 -0.303138
v -0.575339 0.010807 -0.269380
v -0.627881 0.652403 -0.234273
v -0.569499 0.646179 -0.258455
v -0.513362 0.627747 -0.281708
v -0.461625 0.597814 -0.303138
v -0.416277 0.557532 -0.321922
v -0.379061 0.508448 -0.337337
v -0.351407 0.452448 -0.348792
v -0.334378 0.391685 -0.355846
v -0.328627 0.328493 -0.358228
v -0.334378 0.265302 -0.355846
v -0.351407 0.204538 -0.348792
v -0.379061 0.148539 -0.337337
v -0.416277 0.099455 -0.321922
v -0.461625 0.059172 -0.303138
v -0.513362 0.029240 -0.281708
v -0.569499 0.010807 -0.258455
v -0.565903 0.646179 -0.246601
v -0.506308 0.627747 -0.258455
v -0.451384 0.597814 -0.269380
v -0.403243 0.557532 -0.278956
v -0.363735 0.508448 -0.286815
v -0.334378 0.452448 -0.292654
v -0.316299 0.391685 -0.296250
v -0.310195 0.328493 -0.297464
v -0.316299 0.265302 -0.296250
v -0.334378 0.204538 -0.292654
v -0.363735 0.148539 -0.286815
v -0.403243 0.099455 -0.278956
v -0.451384 0.059172 -0.269380
v -0.506308 0.029240 -0.258455
v -0.565903 0.010807 -0.246601
v -0.564689 0.646179 -0.234273
v -0.503926 0.627747 -0.234273
v -0.447926 0.597814 -0.234273
v -0.398842 0.557532 -0.234273
v -0.358560 0.508448 -0.234273
v -0.328627 0.452448 -0.234273
v -0.310195 0.391685 -0.234273
v -0.303971 0.328493 -0.234273
v -0.310195 0.265302 -0.234273
v -0.328627 0.204538 -0.234273
v -0.358560 0.148539 -0.234273
v -0.398842 0.099455 -0.234273
v -0.447926 0.059172 -0.234273
v -0.503926 0.029240 -0.234273
v -0.564689 0.010807 -0.234273
v -0.565903 0.646179 -0.221945
v -0.506308 0.627747 -0.210090
v -0.451384 0.597814 -0.199165
v -0.403243 0.557532 -0.189590
v -0.363735 0.508448 -0.181731
v -0.334378 0.452448 -0.175891
v -0.316299 0.391685 -0.172295
v -0.310195 0.328493 -0.171081
v -0.316299 0.265302 -0.172295
v -0.334378 0.204538 -0.175891
v -0.363735 0.148539 -0.181731
v -0.403243 0.099455 -0.189590
v -0.451384 0.059172 -0.199165
v -0.506308 0.029240 -0.210090
v -0.565903 0.010807 -0.221945
v -0.569499 0.646179 -0.210090
v -0.513362 0.627747 -0.186837
v -0.461625 0.597814 -0.165407
v -0.416277 0.557532 -0.146624
v -0.379061 0.508448 -0.131208
v -0.351407 0.452448 -0.119754
v -0.334378 0.391685 -0.112700
v -0.328628 0.328493 -0.110318
v -0.334378 0.265302 -0.112700
v -0.351407 0.204538 -0.119754
v -0.379061 0.148539 -0.131208
v -0.416277 0.099455 -0.146624
v -0.461625 0.059172 -0.165407
v -0.513362 0.029240 -0.186837
v -0.569499 0.010807 -0.210090
v -0.575339 0.646179 -0.199165
v -0.524816 0.627747 -0.165407
v -0.478254 0.597814 -0.134295
v -0.437442 0.557532 -0.107026
v -0.403949 0.508448 -0.084646
v -0.379061 0.452448 -0.068017
v -0.363735 0.391685 -0.057776
v -0.358560 0.328493 -0.054318
v -0.363735 0.265302 -0.057776
v -0.379061 0.204538 -0.068017
v -0.403949 0.148539 -0.084646
v -0.437442 0.099455 -0.107026
v -0.478254 0.059172 -0.134295
v -0.524816 0.029240 -0.165407
v -0.575339 0.010807 -0.199165
v -0.583198 0.646179 -0.189590
v -0.540232 0.627747 -0.146624
v -0.500634 0.597814 -0.107026
v -0.465926 0.557532 -0.072318
v -0.437442 0.508448 -0.043834
v -0.416277 0.452448 -0.022669
v -0.403243 0.391685 -0.009635
v -0.398842 0.328493 -0.005234
v -0.403243 0.265302 -0.009635
v -0.416277 0.204538 -0.022669
v -0.437442 0.148539 -0.043834
v -0.465926 0.099455 -0.072318
v -0.500634 0.059172 -0.107026
v -0.540232 0.029240 -0.146624
v -0.583198 0.010807 -0.189590
v -0.592773 0.646179 -0.181731
v -0.559015 0.627747 -0.131208
v -0.527903 0.597814 -0.084646
v -0.500634 0.557532 -0.043834
v -0.478254 0.508448 -0.010341
v -0.461625 0.452448 0.014547
v -0.451384 0.391685 0.029873
v -0.447926 0.328493 0.035048
v -0.451384 0.265302 0.029873
v -0.461625 0.204538 0.014547
v -0.478254 0.148539 -0.010341
v -0.500634 0.099455 -0.043834
v -0.527903 0.059172 -0.084646
v -0.559015 0.029240 -0.131208
v -0.592773 0.010807 -0.181731
v -0.603698 0.646179 -0.175891
v -0.580445 0.627747 -0.119754
v -0.559015 0.597814 -0.068017
v -0.540232 0.557532 -0.022669
v -0.524816 0.508448 0.014547
v -0.513362 0.452448 0.042201
v -0.506308 0.391685 0.059230
v -0.503926 0.328493 0.064980
v -0.506308 0.265302 0.059230
v -0.513362 0.204538 0.042201
v -0.524816 0.148539 0.014547
v -0.540232 0.099455 -0.022669
v -0.559015 0.059172 -0.068017
v -0.580445 0.029240 -0.119754
v -0.603698 0.010807 -0.175891
v -0.615553 0.646179 -0.172295
v -0.603698 0.627747 -0.112700
v -0.592773 0.597814 -0.057776
v -0.583198 0.557532 -0.009635
v -0.575339 0.508448 0.029873
v -0.569499 0.452448 0.059230
v -0.565903 0.391685 0.077309
v -0.564689 0.328493 0.083413
v -0.565903 0.265302 0.077309
v -0.569499 0.204538 0.059230
v -0.575339 0.148539 0.029873
v -0.583198 0.099455 -0.009635
v -0.592773 0.059172 -0.057776
v -0.603698 0.029240 -0.112700
v -0.615553 0.010807 -0.172295
v -0.627881 0.646179 -0.171081
v -0.627881 0.627747 -0.110318
v -0.627881 0.597814 -0.054318
v -0.627881 0.557532 -0.005234
v -0.627881 0.508448 0.035048
v -0.627881 0.452448 0.064980
v -0.627881 0.391685 0.083413
v -0.627881 0.328493 0.089637
v -0.627881 0.265302 0.083413
v -0.627881 0.204538 0.064980
v -0.627881 0.148539 0.035048
v -0.627881 0.099455 -0.005234
v -0.627881 0.059172 -0.054318
v -0.627881 0.029240 -0.110318
v -0.627881 0.010807 -0.171081
v -0.640209 0.646179 -0.172295
v -0.652063 0.627747 -0.112700
v -0.662988 0.597814 -0.057776
v -0.672564 0.557532 -0.009635
v -0.680423 0.508448 0.029873
v -0.686262 0.452448 0.059230
v -0.689858 0.391685 0.077309
v -0.691072 0.328493 0.083413
v -0.689858 0.265302 0.077309
v -0.686262 0.204538 0.059230
v -0.680423 0.148539 0.029873
v -0.672564 0.099455 -0.009635
v -0.662988 0.059172 -0.057776
v -0.652063 0.029240 -0.112700
v -0.640209 0.010807 -0.172295
v -0.652063 0.646179 -0.175891
v -0.675316 0.627747 -0.119754
v -0.696746 0.597814 -0.068017
v -0.715530 0.557532 -0.022669
v -0.730945 0.508448 0.014547
v -0.742400 0.452448 0.042201
v -0.749454 0.391685 0.059230
v -0.751836 0.328493 0.064980
v -0.749454 0.265302 0.059230
v -0.742400 0.204538 0.042201
v -0.730945 0.148539 0.014547
v -0.715530 0.099455 -0.022669
v -0.696746 0.059172 -0.068017
v -0.675316 0.029240 -0.119754
v -0.652063 0.010807 -0.175891
v -0.662988 0.646179 -0.181731
v -0.696746 0.627747 -0.131208
v -0.727858 0.597814 -0.084646
v -0.755128 0.557532 -0.043834
v -0.777507 0.508448 -0.010341
v -0.794137 0.452448 0.014547
v -0.804377 0.391685 0.029873
v -0.807835 0.328493 0.035048
v -0.804377 0.265302 0.029873
v -0.794137 0.204538 0.014547
v -0.777507 0.148539 -0.010341
v -0.755128 0.099455 -0.043834
v -0.727858 0.059172 -0.084646
v -0.696746 0.029240 -0.131208
v -0.662988 0.010807 -0.181731
v -0.672564 0.646179 -0.189590
v -0.715530 0.627747 -0.146624
v -0.755128 0.597814 -0.107026
v -0.789836 0.557532 -0.072318
v -0.818319 0.508448 -0.043834
v -0.839485 0.452448 -0.022669
v -0.852518 0.391685 -0.009635
v -0.856919 0.328493 -0.005234
v -0.852518 0.265302 -0.009635
v -0.839485 0.204538 -0.022669
v -0.818319 0.148539 -0.043834
v -0.789836 0.099455 -0.072318
v -0.755128 0.059172 -0.107026
v -0.715530 0.029240 -0.146624
v -0.672564 0.010807 -0.189590
v -0.627881 0.004584 -0.234273
v -0.680423 0.646179 -0.199165
v -0.730945 0.627747 -0.165407
v -0.777507 0.597814 -0.134296
v -0.818319 0.557532 -0.107026
v -0.851813 0.508448 -0.084646
v -0.876701 0.452448 -0.068017
v -0.892027 0.391685 -0.057776
v -0.897202 0.328493 -0.054319
v -0.892027 0.265302 -0.057776
v -0.876701 0.204538 -0.068017
v -0.851813 0.148539 -0.084646
v -0.818319 0.099455 -0.107026
v -0.777507 0.059172 -0.134296
v -0.730945 0.029240 -0.165407
v -0.680423 0.010807 -0.199165
v -0.686262 0.646179 -0.210090
v -0.742400 0.627747 -0.186837
v -0.794137 0.597814 -0.165407
v -0.839485 0.557532 -0.146624
v -0.876701 0.508448 -0.131208
v -0.904355 0.452448 -0.119754
v -0.921384 0.391685 -0.112700
v -0.927134 0.328493 -0.110318
v -0.921384 0.265302 -0.112700
v -0.904355 0.204538 -0.119754
v -0.876701 0.148539 -0.131208
v -0.839485 0.099455 -0.146624
v -0.794137 0.059172 -0.165407
v -0.742400 0.029240 -0.186837
v -0.686262 0.010807 -0.210090
v -0.689858 0.646179 -0.221945
v -0.749454 0.627747 -0.210090
v -0.804377 0.597814 -0.199165
v -0.852518 0.557532 -0.189590
v -0.892027 0.508448 -0.181731
v -0.921384 0.452448 -0.175891
v -0.939462 0.391685 -0.172296
v -0.945566 0.328493 -0.171081
v -0.939462 0.265302 -0.172296
v -0.921384 0.204538 -0.175891
v -0.892027 0.148539 -0.181731
v -0.852518 0.099455 -0.189590
v -0.804377 0.059172 -0.199165
v -0.749454 0.029240 -0.210090
v -0.689858 0.010807 -0.221945
v -0.691072 0.646179 -0.234273
v -0.751836 0.627747 -0.234273
v -0.807835 0.597814 -0.234273
v -0.856919 0.557532 -0.234273
v -0.897202 0.508448 -0.234273
v -0.927134 0.452448 -0.234273
v -0.945566 0.391685 -0.234273
v -0.951790 0.328493 -0.234273
v -0.945566 0.265302 -0.234273
v -0.927134 0.204538 -0.234273
v -0.897202 0.148539 -0.234273
v -0.856919 0.099455 -0.234273
v -0.807835 0.059172 -0.234273
v -0.751836 0.029240 -0.234273
v -0.691072 0.010807 -0.234273
v -0.689858 0.646179 -0.246601
v -0.749454 0.627747 -0.258455
v -0.804377 0.597814 -0.269380
v -0.852518 0.557532 -0.278956
v -0.892027 0.508448 -0.286815
v -0.921384 0.452448 -0.292654
v -0.939462 0.391685 -0.296250
v -0.945566 0.328493 -0.297464
v -0.939462 0.265302 -0.296250
v -0.921384 0.204538 -0.292654
v -0.892027 0.148539 -0.286815
v -0.852518 0.099455 -0.278956
v -0.804377 0.059172 -0.269380
v -0.749454 0.029240 -0.258455
v -0.689858 0.010807 -0.246601
v -0.686262 0.646179 -0.258455
v -0.742400 0.627747 -0.281708
v -0.794137 0.597814 -0.303138
v -0.839485 0.557532 -0.321922
v -0.876701 0.508448 -0.337337
v -0.904355 0.452448 -0.348792
v -0.921384 0.391685 -0.355846
v -0.927134 0.328493 -0.358228
v -0.921384 0.265302 -0.355846
v -0.904355 0.204538 -0.348792
v -0.876701 0.148539 -0.337337
v -0.839485 0.099455 -0.321922
v -0.794137 0.059172 -0.303138
v -0.742400 0.029240 -0.281708
v -0.686262 0.010807 -0.258455
v -0.680423 0.646179 -0.269380
v -0.730945 0.627747 -0.303138
v -0.777507 0.597814 -0.334250
v -0.818319 0.557532 -0.361520
v -0.851813 0.508448 -0.383899
v -0.876701 0.452448 -0.400529
v -0.892027 0.391685 -0.410770
v -0.897201 0.328493 -0.414227
v -0.892027 0.265302 -0.410770
v -0.876701 0.204538 -0.400529
v -0.851813 0.148539 -0.383899
v -0.818319 0.099455 -0.361520
v -0.777507 0.059172 -0.334250
v -0.730945 0.029240 -0.303138
v -0.680423 0.010807 -0.269380
v -0.672564 0.646179 -0.278956
v -0.715530 0.627747 -0.321922
v -0.755128 0.597814 -0.361520
v -0.789836 0.557532 -0.396228
v -0.818319 0.508448 -0.424711
v -0.839485 0.452448 -0.445877
v -0.852518 0.391685 -0.458910
v -0.856919 0.328493 -0.463311
v -0.852518 0.265302 -0.458910
v -0.839485 0.204538 -0.445877
v -0.818319 0.148539 -0.424711
v -0.789836 0.099455 -0.396228
v -0.755128 0.059172 -0.361520
v -0.715530 0.029240 -0.321922
v -0.672564 0.010807 -0.278956
v -0.662988 0.646179 -0.286815
v -0.696746 0.627747 -0.337337
v -0.727858 0.597814 -0.383899
v -0.755128 0.557532 -0.424711
v -0.777507 0.508448 -0.458205
v -0.794137 0.452448 -0.483093
v -0.804377 0.391685 -0.498419
v -0.807835 0.328493 -0.503594
v -0.804377 0.265302 -0.498419
v -0.794137 0.204538 -0.483093
v -0.777507 0.148539 -0.458205
v -0.755128 0.099455 -0.424711
v -0.727858 0.059172 -0.383899
v -0.696746 0.029240 -0.337337
v -0.662988 0.010807 -0.286815
v -0.652063 0.646179 -0.292654
v -0.675316 0.627747 -0.348792
v -0.696746 0.597814 -0.400529
v -0.715530 0.557532 -0.445877
v -0.730945 0.508448 -0.483093
v -0.742400 0.452448 -0.510747
v -0.749454 0.391685 -0.527776
v -0.751835 0.328493 -0.533526
v -0.749454 0.265302 -0.527776
v -0.742400 0.204538 -0.510747
v -0.730945 0.148539 -0.483093
v -0.715530 0.099455 -0.445877
v -0.696746 0.059172 -0.400529
v -0.675316 0.029240 -0.348792
v -0.652063 0.010807 -0.292654
v -0.640209 0.646179 -0.296250
v -0.652063 0.627747 -0.355846
v -0.662988 0.597814 -0.410769
v -0.672564 0.557532 -0.458910
v -0.680423 0.508448 -0.498419
v -0.686262 0.452448 -0.527776
v -0.689858 0.391685 -0.545854
v -0.691072 0.328493 -0.551958
v -0.689858 0.265302 -0.545854
v -0.686262 0.204538 -0.527776
v -0.680423 0.148539 -0.498419
v -0.672564 0.099455 -0.458910
v -0.662988 0.059172 -0.410769
v -0.652063 0.029240 -0.355846
v -0.640209 0.010807 -0.296250
v -0.627881 0.646179 -0.297464
v -0.627881 0.627747 -0.358228
v -0.627881 0.557532 -0.463311
v -0.627881 0.452448 -0.533526
v -0.627881 0.204538 -0.533526
v -0.627881 0.099455 -0.463311
v -0.627881 0.059172 -0.414227
v -0.627881 0.029240 -0.358228
v -0.627881 0.010807 -0.297464
vn 0.0286 -0.9565 -0.2902
vn 0.0975 0.0975 -0.9904
vn 0.0097 0.9951 -0.0980
vn 0.0097 -0.9951 -0.0980
vn 0.0975 -0.0975 -0.9904
vn 0.0286 0.9565 -0.2902
vn 0.0938 -0.2890 -0.9527
vn 0.0464 0.8810 -0.4709
vn 0.0865 -0.4696 -0.8786
vn 0.0624 0.7715 -0.6332
vn 0.0759 -0.6326 -0.7708
vn 0.0759 0.6326 -0.7708
vn 0.0624 -0.7715 -0.6332
vn 0.0865 0.4696 -0.8786
vn 0.0464 -0.8810 -0.4709
vn 0.0938 0.2890 -0.9527
vn 0.2563 0.4696 -0.8448
vn 0.1374 -0.8810 -0.4528
vn 0.2779 0.2890 -0.9161
vn 0.0846 -0.9565 -0.2790
vn 0.2889 0.0976 -0.9524
vn 0.0286 0.9951 -0.0942
vn 0.0286 -0.9951 -0.0942
vn 0.2889 -0.0976 -0.9524
vn 0.0846 0.9565 -0.2790
vn 0.2779 -0.2890 -0.9161
vn 0.1374 0.8810 -0.4528
vn 0.2563 -0.4696 -0.8448
vn 0.1847 0.7715 -0.6088
vn 0.2248 -0.6326 -0.7412
vn 0.2248 0.6326 -0.7412
vn 0.1847 -0.7715 -0.6088
vn 0.4513 -0.2890 -0.8443
vn 0.2230 0.8810 -0.4173
vn 0.4162 -0.4696 -0.7786
vn 0.2999 0.7715 -0.5611
vn 0.3651 -0.6326 -0.6831
vn 0.3651 0.6326 -0.6831
vn 0.2999 -0.7715 -0.5611
vn 0.4162 0.4696 -0.7786
vn 0.2230 -0.8810 -0.4173
vn 0.4513 0.2890 -0.8443
vn 0.1374 -0.9565 -0.2571
vn 0.4691 0.0975 -0.8777
vn 0.0464 0.9951 -0.0869
vn 0.0464 -0.9951 -0.0869
vn 0.4691 -0.0975 -0.8777
vn 0.1374 0.9565 -0.2571
vn 0.3002 -0.8810 -0.3658
vn 0.6073 0.2890 -0.7400
vn 0.1850 -0.9565 -0.2254
vn 0.6314 0.0975 -0.7693
vn 0.0625 0.9951 -0.0761
vn 0.0625 -0.9951 -0.0761
vn 0.6314 -0.0975 -0.7693
vn 0.1850 0.9565 -0.2254
vn 0.6073 -0.2890 -0.7400
vn 0.3002 0.8810 -0.3658
vn 0.5601 -0.4696 -0.6825
vn 0.4036 0.7715 -0.4918
vn 0.4913 -0.6326 -0.5987
vn 0.4913 0.6326 -0.5987
vn 0.4036 -0.7715 -0.4918
vn 0.5601 0.4696 -0.6825
vn 0.6825 -0.4696 -0.5601
vn 0.4918 0.7715 -0.4036
vn 0.5987 -0.6326 -0.4913
vn 0.5987 0.6326 -0.4913
vn 0.4918 -0.7715 -0.4036
vn 0.6825 0.4696 -0.5601
vn 0.3658 -0.8810 -0.3002
vn 0.7400 0.2890 -0.6073
vn 0.2254 -0.9565 -0.1850
vn 0.7693 0.0975 -0.6314
vn 0.0761 0.9951 -0.0625
vn 0.0761 -0.9951 -0.0625
vn 0.7693 -0.0975 -0.6314
vn 0.2254 0.9565 -0.1850
vn 0.7400 -0.2890 -0.6073
vn 0.3658 0.8810 -0.3002
vn 0.2571 -0.9565 -0.1374
vn 0.8777 0.0975 -0.4691
vn 0.0869 0.9951 -0.0464
vn 0.0869 -0.9951 -0.0464
vn 0.8777 -0.0975 -0.4691
vn 0.2571 0.9565 -0.1374
vn 0.8443 -0.2890 -0.4513
vn 0.4173 0.8810 -0.2230
vn 0.7786 -0.4696 -0.4162
vn 0.5611 0.7715 -0.2999
vn 0.6831 -0.6326 -0.3651
vn 0.6831 0.6326 -0.3651
vn 0.5611 -0.7715 -0.2999
vn 0.7786 0.4696 -0.4162
vn 0.4173 -0.8810 -0.2230
vn 0.8443 0.2890 -0.4513
vn 0.6088 0.7715 -0.1847
vn 0.7412 -0.6326 -0.2248
vn 0.7412 0.6326 -0.2248
vn 0.6088 -0.7715 -0.1847
vn 0.8448 0.4696 -0.2563
vn 0.4528 -0.8810 -0.1374
vn 0.9161 0.2890 -0.2779
vn 0.2790 -0.9565 -0.0846
vn 0.9524 0.0975 -0.2889
vn 0.0942 0.9951 -0.0286
vn 0.0942 -0.9951 -0.0286
vn 0.9524 -0.0975 -0.2889
vn 0.2790 0.9565 -0.0846
vn 0.9161 -0.2890 -0.2779
vn 0.4528 0.8810 -0.1374
vn 0.8448 -0.4696 -0.2563
vn 0.9904 0.0975 -0.0975
vn 0.0980 0.9951 -0.0097
vn 0.0980 -0.9951 -0.0097
vn 0.9904 -0.0975 -0.0975
vn 0.2902 0.9565 -0.0286
vn 0.9527 -0.2890 -0.0938
vn 0.4709 0.8810 -0.0464
vn 0.8786 -0.4696 -0.0865
vn 0.6332 0.7715 -0.0624
vn 0.7708 -0.6326 -0.0759
vn 0.7708 0.6326 -0.0759
vn 0.6332 -0.7715 -0.0624
vn 0.8786 0.4696 -0.0865
vn 0.4709 -0.8810 -0.0464
vn 0.9527 0.2890 -0.0938
vn 0.2902 -0.9565 -0.0286
vn 0.7708 -0.6326 0.0759
vn 0.7708 0.6326 0.0759
vn 0.6332 -0.7715 0.0624
vn 0.8786 0.4696 0.0865
vn 0.4709 -0.8810 0.0464
vn 0.9527 0.2890 0.0938
vn 0.2902 -0.9565 0.0286
vn 0.9904 0.0975 0.0976
vn 0.0980 0.9951 0.0097
vn 0.0980 -0.9951 0.0097
vn 0.9904 -0.0975 0.0976
vn 0.2902 0.9565 0.0286
vn 0.9527 -0.2890 0.0938
vn 0.4709 0.8810 0.0464
vn 0.8786 -0.4696 0.0865
vn 0.6332 0.7715 0.0624
vn 0.0942 0.9951 0.0286
vn 0.0942 -0.9951 0.0286
vn 0.9524 -0.0975 0.2889
vn 0.2790 0.9565 0.0846
vn 0.9161 -0.2890 0.2779
vn 0.4528 0.8810 0.1374
vn 0.8448 -0.4696 0.2563
vn 0.6088 0.7715 0.1847
vn 0.7412 -0.6326 0.2248
vn 0.7412 0.6326 0.2248
vn 0.6088 -0.7715 0.1847
vn 0.8448 0.4696 0.2563
vn 0.4528 -0.8810 0.1374
vn 0.9161 0.2890 0.2779
vn 0.2790 -0.9565 0.0846
vn 0.9524 0.0975 0.2889
vn 0.6831 0.6326 0.3651
vn 0.5611 -0.7715 0.2999
vn 0.7786 0.4696 0.4162
vn 0.4173 -0.8810 0.2230
vn 0.8443 0.2890 0.4513
vn 0.2571 -0.9565 0.1374
vn 0.8777 0.0975 0.4691
vn 0.0869 0.9951 0.0464
vn 0.0869 -0.9951 0.0464
vn 0.8777 -0.0975 0.4691
vn 0.2571 0.9565 0.1374
vn 0.8443 -0.2890 0.4513
vn 0.4173 0.8810 0.2230
vn 0.7786 -0.4696 0.4162
vn 0.5611 0.7715 0.2999
vn 0.6831 -0.6326 0.3651
vn 0.7693 -0.0975 0.6314
vn 0.2254 0.9565 0.1850
vn 0.7400 -0.2890 0.6073
vn 0.3658 0.8810 0.3002
vn 0.6825 -0.4696 0.5601
vn 0.4918 0.7715 0.4036
vn 0.5987 -0.6326 0.4913
vn 0.5987 0.6326 0.4913
vn 0.4918 -0.7715 0.4036
vn 0.6825 0.4696 0.5601
vn 0.3658 -0.8810 0.3002
vn 0.7400 0.2890 0.6073
vn 0.2254 -0.9565 0.1850
vn 0.7693 0.0975 0.6314
vn 0.0761 0.9951 0.0625
vn 0.0761 -0.9951 0.0625
vn 0.4036 -0.7715 0.4918
vn 0.5601 0.4696 0.6825
vn 0.3002 -0.8810 0.3658
vn 0.6073 0.2890 0.7400
vn 0.1850 -0.9565 0.2254
vn 0.6314 0.0975 0.7693
vn 0.0625 0.9951 0.0761
vn 0.0625 -0.9951 0.0761
vn 0.6314 -0.0975 0.7693
vn 0.1850 0.9565 0.2254
vn 0.6073 -0.2890 0.7400
vn 0.3002 0.8810 0.3658
vn 0.5601 -0.4696 0.6825
vn 0.4036 0.7715 0.4918
vn 0.4913 -0.6326 0.5987
vn 0.4913 0.6326 0.5987
vn 0.4513 -0.2890 0.8443
vn 0.2230 0.8810 0.4173
vn 0.4162 -0.4696 0.7786
vn 0.2999 0.7715 0.5611
vn 0.3651 -0.6326 0.6831
vn 0.3651 0.6326 0.6831
vn 0.2999 -0.7715 0.5611
vn 0.4162 0.4696 0.7786
vn 0.2230 -0.8810 0.4173
vn 0.4513 0.2890 0.8443
vn 0.1374 -0.9565 0.2571
vn 0.4691 0.0975 0.8777
vn 0.0464 0.9951 0.0869
vn 0.0464 -0.9951 0.0869
vn 0.4691 -0.0975 0.8777
vn 0.1374 0.9565 0.2571
vn 0.1374 -0.8810 0.4528
vn 0.2779 0.2890 0.9161
vn 0.0846 -0.9565 0.2790
vn 0.2889 0.0975 0.9524
vn 0.0286 0.9951 0.0942
vn 0.0286 -0.9951 0.0942
vn 0.2889 -0.0975 0.9524
vn 0.0846 0.9565 0.2790
vn 0.2779 -0.2890 0.9161
vn 0.1374 0.8810 0.4528
vn 0.2563 -0.4696 0.8448
vn 0.1847 0.7715 0.6088
vn 0.2248 -0.6326 0.7412
vn 0.2248 0.6326 0.7412
vn 0.1847 -0.7715 0.6088
vn 0.2563 0.4696 0.8448
vn 0.0464 0.8810 0.4709
vn 0.0865 -0.4696 0.8786
vn 0.0624 0.7715 0.6332
vn 0.0759 -0.6326 0.7708
vn 0.0759 0.6326 0.7708
vn 0.0624 -0.7715 0.6332
vn 0.0865 0.4696 0.8786
vn 0.0464 -0.8810 0.4709
vn 0.0938 0.2890 0.9527
vn 0.0286 -0.9565 0.2902
vn 0.0975 0.0975 0.9904
vn 0.0097 0.9951 0.0980
vn 0.0097 -0.9951 0.0980
vn 0.0975 -0.0975 0.9904
vn 0.0286 0.9565 0.2902
vn 0.0938 -0.2890 0.9527
vn -0.0938 0.2890 0.9527
vn -0.0286 -0.9565 0.2902
vn -0.0976 0.0975 0.9904
vn -0.0097 0.9951 0.0980
vn -0.0097 -0.9951 0.0980
vn -0.0976 -0.0975 0.9904
vn -0.0286 0.9565 0.2902
vn -0.0938 -0.2890 0.9527
vn -0.0464 0.8810 0.4709
vn -0.0865 -0.4696 0.8786
vn -0.0624 0.7715 0.6332
vn -0.0759 -0.6326 0.7708
vn -0.0759 0.6326 0.7708
vn -0.0624 -0.7715 0.6332
vn -0.0865 0.4696 0.8786
vn -0.0464 -0.8810 0.4709
vn -0.2563 -0.4696 0.8448
vn -0.1847 0.7715 0.6088
vn -0.2248 -0.6326 0.7412
vn -0.2248 0.6326 0.7412
vn -0.1847 -0.7715 0.6088
vn -0.2563 0.4696 0.8448
vn -0.1374 -0.8810 0.4528
vn -0.2779 0.2890 0.9161
vn -0.0846 -0.9565 0.2790
vn -0.2889 0.0975 0.9524
vn -0.0286 0.9951 0.0942
vn -0.0286 -0.9951 0.0942
vn -0.2889 -0.0975 0.9524
vn -0.0846 0.9565 0.2790
vn -0.2779 -0.2890 0.9161
vn -0.1374 0.8810 0.4528
vn -0.1374 -0.9565 0.2571
vn -0.4691 0.0975 0.8777
vn -0.0464 0.9951 0.0869
vn -0.0464 -0.9951 0.0869
vn -0.4691 -0.0975 0.8777
vn -0.1374 0.9565 0.2571
vn -0.4513 -0.2890 0.8443
vn -0.2230 0.8810 0.4173
vn -0.4162 -0.4696 0.7786
vn -0.2999 0.7715 0.5611
vn -0.3651 -0.6326 0.6831
vn -0.3651 0.6326 0.6831
vn -0.2999 -0.7715 0.5611
vn -0.4162 0.4696 0.7786
vn -0.2230 -0.8810 0.4173
vn -0.4513 0.2890 0.8443
vn -0.4036 0.7715 0.4918
vn -0.4913 -0.6326 0.5987
vn -0.4913 0.6326 0.5987
vn -0.4036 -0.7715 0.4918
vn -0.5601 0.4696 0.6825
vn -0.3002 -0.8810 0.3658
vn -0.6073 0.2890 0.7400
vn -0.1850 -0.9565 0.2254
vn -0.6314 0.0975 0.7693
vn -0.0625 0.9951 0.0761
vn -0.0625 -0.9951 0.0761
vn -0.6314 -0.0975 0.7693
vn -0.1850 0.9565 0.2254
vn -0.6073 -0.2890 0.7400
vn -0.3002 0.8810 0.3658
vn -0.5601 -0.4696 0.6825
vn -0.7693 0.0975 0.6314
vn -0.0761 0.9951 0.0625
vn -0.0761 -0.9951 0.0625
vn -0.7693 -0.0975 0.6314
vn -0.2254 0.9565 0.1850
vn -0.7400 -0.2890 0.6073
vn -0.3658 0.8810 0.3002
vn -0.6825 -0.4696 0.5601
vn -0.4918 0.7715 0.4036
vn -0.5987 -0.6326 0.4913
vn -0.5987 0.6326 0.4913
vn -0.4918 -0.7715 0.4036
vn -0.6825 0.4696 0.5601
vn -0.3658 -0.8810 0.3002
vn -0.7400 0.2890 0.6073
vn -0.2254 -0.9565 0.1850
vn -0.6831 -0.6326 0.3651
vn -0.6831 0.6326 0.3651
vn -0.5611 -0.7715 0.2999
vn -0.7786 0.4696 0.4162
vn -0.4173 -0.8810 0.2230
vn -0.8443 0.2890 0.4513
vn -0.2571 -0.9565 0.1374
vn -0.8777 0.0975 0.4691
vn -0.0869 0.9951 0.0464
vn -0.0869 -0.9951 0.0464
vn -0.8777 -0.0975 0.4691
vn -0.2571 0.9565 0.1374
vn -0.8443 -0.2890 0.4513
vn -0.4173 0.8810 0.2230
vn -0.7786 -0.4696 0.4162
vn -0.5611 0.7715 0.2999
vn -0.0942 -0.9951 0.0286
vn -0.9524 -0.0975 0.2889
vn -0.2790 0.9565 0.0846
vn -0.9161 -0.2890 0.2779
vn -0.4528 0.8810 0.1374
vn -0.8448 -0.4696 0.2563
vn -0.6088 0.7715 0.1847
vn -0.7412 -0.6326 0.2248
vn -0.7412 0.6326 0.2248
vn -0.6088 -0.7715 0.1847
vn -0.8448 0.4696 0.2563
vn -0.4528 -0.8810 0.1374
vn -0.9161 0.2890 0.2779
vn -0.2790 -0.9565 0.0846
vn -0.9524 0.0975 0.2889
vn -0.0942 0.9951 0.0286
vn -0.6332 -0.7715 0.0624
vn -0.8786 0.4696 0.0865
vn -0.4709 -0.8810 0.0464
vn -0.9527 0.2890 0.0938
vn -0.2902 -0.9565 0.0286
vn -0.9904 0.0975 0.0975
vn -0.0980 0.9951 0.0097
vn -0.0980 -0.9951 0.0097
vn -0.9904 -0.0975 0.0975
vn -0.2902 0.9565 0.0286
vn -0.9527 -0.2890 0.0938
vn -0.4709 0.8810 0.0464
vn -0.8786 -0.4696 0.0865
vn -0.6332 0.7715 0.0624
vn -0.7708 -0.6326 0.0759
vn -0.7708 0.6326 0.0759
vn -0.2902 0.9565 -0.0286
vn -0.9527 -0.2890 -0.0938
vn -0.4709 0.8810 -0.0464
vn -0.8786 -0.4696 -0.0865
vn -0.6332 0.7715 -0.0624
vn -0.7708 -0.6326 -0.0759
vn -0.7708 0.6326 -0.0759
vn -0.6332 -0.7715 -0.0624
vn -0.8786 0.4696 -0.0865
vn -0.4709 -0.8810 -0.0464
vn -0.9527 0.2890 -0.0938
vn -0.2902 -0.9565 -0.0286
vn -0.9904 0.0975 -0.0976
vn -0.0980 0.9951 -0.0097
vn -0.0980 -0.9951 -0.0097
vn -0.9904 -0.0975 -0.0976
vn -0.8448 0.4696 -0.2563
vn -0.4528 -0.8810 -0.1374
vn -0.9161 0.2890 -0.2779
vn -0.2790 -0.9565 -0.0846
vn -0.9524 0.0975 -0.2889
vn -0.0942 0.9951 -0.0286
vn -0.0942 -0.9951 -0.0286
vn -0.9524 -0.0975 -0.2889
vn -0.2790 0.9565 -0.0846
vn -0.9161 -0.2890 -0.2779
vn -0.4528 0.8810 -0.1374
vn -0.8448 -0.4696 -0.2563
vn -0.6088 0.7715 -0.1847
vn -0.7412 -0.6326 -0.2248
vn -0.7412 0.6326 -0.2248
vn -0.6088 -0.7715 -0.1847
vn -0.8443 -0.2890 -0.4513
vn -0.4173 0.8810 -0.2231
vn -0.7786 -0.4696 -0.4162
vn -0.5611 0.7715 -0.2999
vn -0.6831 -0.6326 -0.3651
vn -0.6831 0.6326 -0.3651
vn -0.5611 -0.7715 -0.2999
vn -0.7786 0.4696 -0.4162
vn -0.4173 -0.8810 -0.2231
vn -0.8443 0.2890 -0.4513
vn -0.2571 -0.9565 -0.1374
vn -0.8777 0.0975 -0.4691
vn -0.0869 0.9951 -0.0464
vn -0.0869 -0.9951 -0.0464
vn -0.8777 -0.0975 -0.4691
vn -0.2571 0.9565 -0.1374
vn -0.3658 -0.8810 -0.3002
vn -0.7400 0.2890 -0.6073
vn -0.2254 -0.9565 -0.1850
vn -0.7693 0.0975 -0.6314
vn -0.0761 0.9951 -0.0625
vn -0.0761 -0.9951 -0.0625
vn -0.7693 -0.0975 -0.6314
vn -0.2254 0.9565 -0.1850
vn -0.7400 -0.2890 -0.6073
vn -0.3658 0.8810 -0.3002
vn -0.6825 -0.4696 -0.5601
vn -0.4918 0.7715 -0.4036
vn -0.5987 -0.6326 -0.4913
vn -0.5987 0.6326 -0.4913
vn -0.4918 -0.7715 -0.4036
vn -0.6825 0.4696 -0.5601
vn -0.3002 0.8810 -0.3658
vn -0.5601 -0.4696 -0.6825
vn -0.4036 0.7715 -0.4918
vn -0.4913 -0.6326 -0.5987
vn -0.4913 0.6326 -0.5987
vn -0.4036 -0.7715 -0.4918
vn -0.5601 0.4696 -0.6825
vn -0.3002 -0.8810 -0.3658
vn -0.6073 0.2890 -0.7400
vn -0.1850 -0.9565 -0.2254
vn -0.6314 0.0975 -0.7693
vn -0.0625 0.9951 -0.0761
vn -0.0625 -0.9951 -0.0761
vn -0.6314 -0.0975 -0.7693
vn -0.1850 0.9565 -0.2254
vn -0.6073 -0.2890 -0.7400
vn -0.4513 0.2890 -0.8443
vn -0.1374 -0.9565 -0.2571
vn -0.4691 0.0975 -0.8777
vn -0.0464 0.9951 -0.0869
vn -0.0464 -0.9951 -0.0869
vn -0.4691 -0.0975 -0.8777
vn -0.1374 0.9565 -0.2571
vn -0.4513 -0.2890 -0.8443
vn -0.2230 0.8810 -0.4173
vn -0.4162 -0.4696 -0.7786
vn -0.2999 0.7715 -0.5611
vn -0.3651 -0.6326 -0.6831
vn -0.3651 0.6326 -0.6831
vn -0.2999 -0.7715 -0.5611
vn -0.4162 0.4696 -0.7786
vn -0.2230 -0.8810 -0.4173
vn -0.2563 -0.4696 -0.8448
vn -0.1847 0.7715 -0.6088
vn -0.2248 -0.6326 -0.7412
vn -0.2248 0.6326 -0.7412
vn -0.1847 -0.7715 -0.6088
vn -0.2563 0.4696 -0.8448
vn -0.1374 -0.8810 -0.4528
vn -0.2779 0.2890 -0.9161
vn -0.0846 -0.9565 -0.2790
vn -0.2889 0.0975 -0.9524
vn -0.0286 0.9951 -0.0942
vn -0.0286 -0.9951 -0.0942
vn -0.2889 -0.0975 -0.9524
vn -0.0846 0.9565 -0.2790
vn -0.2779 -0.2890 -0.9161
vn -0.1374 0.8810 -0.4528
vn -0.0286 -0.9565 -0.2902
vn -0.0976 0.0975 -0.9904
vn -0.0097 0.9951 -0.0980
vn -0.0097 -0.9951 -0.0980
vn -0.0976 -0.0975 -0.9904
vn -0.0286 0.9565 -0.2902
vn -0.0938 -0.2890 -0.9527
vn -0.0464 0.8810 -0.4709
vn -0.0865 -0.4696 -0.8786
vn -0.0624 0.7715 -0.6332
vn -0.0759 -0.6326 -0.7708
vn -0.0759 0.6326 -0.7708
vn -0.0624 -0.7715 -0.6332
vn -0.0865 0.4696 -0.8786
vn -0.0464 -0.8810 -0.4709
vn -0.0938 0.2890 -0.9527
vt 0.750000 0.812500
vt 0.750000 0.687500
vt 0.750000 0.562500
vt 0.750000 0.500000
vt 0.750000 0.437500
vt 0.750000 0.312500
vt 0.718750 0.937500
vt 0.718750 0.875000
vt 0.718750 0.812500
vt 0.718750 0.750000
vt 0.718750 0.687500
vt 0.718750 0.625000
vt 0.718750 0.562500
vt 0.718750 0.500000
vt 0.718750 0.437500
vt 0.718750 0.375000
vt 0.718750 0.312500
vt 0.718750 0.250000
vt 0.718750 0.187500
vt 0.718750 0.125000
vt 0.718750 0.062500
vt 0.687500 0.937500
vt 0.687500 0.875000
vt 0.687500 0.812500
vt 0.687500 0.750000
vt 0.687500 0.687500
vt 0.687500 0.625000
vt 0.687500 0.562500
vt 0.687500 0.500000
vt 0.687500 0.437500
vt 0.687500 0.375000
vt 0.687500 0.312500
vt 0.687500 0.250000
vt 0.687500 0.187500
vt 0.687500 0.125000
vt 0.687500 0.062500
vt 0.656250 0.937500
vt 0.656250 0.875000
vt 0.656250 0.812500
vt 0.656250 0.750000
vt 0.656250 0.687500
vt 0.656250 0.625000
vt 0.656250 0.562500
vt 0.656250 0.500000
vt 0.656250 0.437500
vt 0.656250 0.375000
vt 0.656250 0.312500
vt 0.656250 0.250000
vt 0.656250 0.187500
vt 0.656250 0.125000
vt 0.656250 0.062500
vt 0.625000 0.937500
vt 0.625000 0.875000
vt 0.625000 0.812500
vt 0.625000 0.750000
vt 0.625000 0.687500
vt 0.625000 0.625000
vt 0.625000 0.562500
vt 0.625000 0.500000
vt 0.625000 0.437500
vt 0.625000 0.375000
vt 0.625000 0.312500
vt 0.625000 0.250000
vt 0.625000 0.187500
vt 0.625000 0.125000
vt 0.625000 0.062500
vt 0.593750 0.937500
vt 0.593750 0.875000
vt 0.593750 0.812500
vt 0.593750 0.750000
vt 0.593750 0.687500
vt 0.593750 0.625000
vt 0.593750 0.562500
vt 0.593750 0.500000
vt 0.593750 0.437500
vt 0.593750 0.375000
vt 0.593750 0.312500
vt 0.593750 0.250000
vt 0.593750 0.187500
vt 0.593750 0.125000
vt 0.593750 0.062500
vt 0.734375 1.000000
vt 0.703125 1.000000
vt 0.671875 1.000000
vt 0.640625 1.000000
vt 0.609375 1.000000
vt 0.578125 1.000000
vt 0.546875 1.000000
vt 0.515625 1.000000
vt 0.484375 1.000000
vt 0.453125 1.000000
vt 0.421875 1.000000
vt 0.390625 1.000000
vt 0.359375 1.000000
vt 0.328125 1.000000
vt 0.296875 1.000000
vt 0.265625 1.000000
vt 0.234375 1.000000
vt 0.203125 1.000000
vt 0.171875 1.000000
vt 0.140625 1.000000
vt 0.109375 1.000000
vt 0.078125 1.000000
vt 0.046875 1.000000
vt 0.015625 1.000000
vt 0.984375 1.000000
vt 0.953125 1.000000
vt 0.921875 1.000000
vt 0.890625 1.000000
vt 0.859375 1.000000
vt 0.828125 1.000000
vt 0.796875 1.000000
vt 0.765625 1.000000
vt 0.562500 0.937500
vt 0.562500 0.875000
vt 0.562500 0.812500
vt 0.562500 0.750000
vt 0.562500 0.687500
vt 0.562500 0.625000
vt 0.562500 0.562500
vt 0.562500 0.500000
vt 0.562500 0.437500
vt 0.562500 0.375000
vt 0.562500 0.312500
vt 0.562500 0.250000
vt 0.562500 0.187500
vt 0.562500 0.125000
vt 0.562500 0.062500
vt 0.531250 0.937500
vt 0.531250 0.875000
vt 0.531250 0.812500
vt 0.531250 0.750000
vt 0.531250 0.687500
vt 0.531250 0.625000
vt 0.531250 0.562500
vt 0.531250 0.500000
vt 0.531250 0.437500
vt 0.531250 0.375000
vt 0.531250 0.312500
vt 0.531250 0.250000
vt 0.531250 0.187500
vt 0.531250 0.125000
vt 0.531250 0.062500
vt 0.500000 0.937500
vt 0.500000 0.875000
vt 0.500000 0.812500
vt 0.500000 0.750000
vt 0.500000 0.687500
vt 0.500000 0.625000
vt 0.500000 0.562500
vt 0.500000 0.500000
vt 0.500000 0.437500
vt 0.500000 0.375000
vt 0.500000 0.312500
vt 0.500000 0.250000
vt 0.500000 0.187500
vt 0.500000 0.125000
vt 0.500000 0.062500
vt 0.468750 0.937500
vt 0.468750 0.875000
vt 0.468750 0.812500
vt 0.468750 0.750000
vt 0.468750 0.687500
vt 0.468750 0.625000
vt 0.468750 0.562500
vt 0.468750 0.500000
vt 0.468750 0.437500
vt 0.468750 0.375000
vt 0.468750 0.312500
vt 0.468750 0.250000
vt 0.468750 0.187500
vt 0.468750 0.125000
vt 0.468750 0.062500
vt 0.437500 0.937500
vt 0.437500 0.875000
vt 0.437500 0.812500
vt 0.437500 0.750000
vt 0.437500 0.687500
vt 0.437500 0.625000
vt 0.437500 0.562500
vt 0.437500 0.500000
vt 0.437500 0.437500
vt 0.437500 0.375000
vt 0.437500 0.312500
vt 0.437500 0.250000
vt 0.437500 0.187500
vt 0.437500 0.125000
vt 0.437500 0.062500
vt 0.406250 0.937500
vt 0.406250 0.875000
vt 0.406250 0.812500
vt 0.406250 0.750000
vt 0.406250 0.687500
vt 0.406250 0.625000
vt 0.406250 0.562500
vt 0.406250 0.500000
vt 0.406250 0.437500
vt 0.406250 0.375000
vt 0.406250 0.312500
vt 0.406250 0.250000
vt 0.406250 0.187500
vt 0.406250 0.125000
vt 0.406250 0.062500
vt 0.375000 0.937500
vt 0.375000 0.875000
vt 0.375000 0.812500
vt 0.375000 0.750000
vt 0.375000 0.687500
vt 0.375000 0.625000
vt 0.375000 0.562500
vt 0.375000 0.500000
vt 0.375000 0.437500
vt 0.375000 0.375000
vt 0.375000 0.312500
vt 0.375000 0.250000
vt 0.375000 0.187500
vt 0.375000 0.125000
vt 0.375000 0.062500
vt 0.343750 0.937500
vt 0.343750 0.875000
vt 0.343750 0.812500
vt 0.343750 0.750000
vt 0.343750 0.687500
vt 0.343750 0.625000
vt 0.343750 0.562500
vt 0.343750 0.500000
vt 0.343750 0.437500
vt 0.343750 0.375000
vt 0.343750 0.312500
vt 0.343750 0.250000
vt 0.343750 0.187500
vt 0.343750 0.125000
vt 0.343750 0.062500
vt 0.312500 0.937500
vt 0.312500 0.875000
vt 0.312500 0.812500
vt 0.312500 0.750000
vt 0.312500 0.687500
vt 0.312500 0.625000
vt 0.312500 0.562500
vt 0.312500 0.500000
vt 0.312500 0.437500
vt 0.312500 0.375000
vt 0.312500 0.312500
vt 0.312500 0.250000
vt 0.312500 0.187500
vt 0.312500 0.125000
vt 0.312500 0.062500
vt 0.281250 0.937500
vt 0.281250 0.875000
vt 0.281250 0.812500
vt 0.281250 0.750000
vt 0.281250 0.687500
vt 0.281250 0.625000
vt 0.281250 0.562500
vt 0.281250 0.500000
vt 0.281250 0.437500
vt 0.281250 0.375000
vt 0.281250 0.312500
vt 0.281250 0.250000
vt 0.281250 0.187500
vt 0.281250 0.125000
vt 0.281250 0.062500
vt 0.250000 0.937500
vt 0.250000 0.875000
vt 0.250000 0.812500
vt 0.250000 0.750000
vt 0.250000 0.687500
vt 0.250000 0.625000
vt 0.250000 0.562500
vt 0.250000 0.500000
vt 0.250000 0.437500
vt 0.250000 0.375000
vt 0.250000 0.312500
vt 0.250000 0.250000
vt 0.250000 0.187500
vt 0.250000 0.125000
vt 0.250000 0.062500
vt 0.218750 0.937500
vt 0.218750 0.875000
vt 0.218750 0.812500
vt 0.218750 0.750000
vt 0.218750 0.687500
vt 0.218750 0.625000
vt 0.218750 0.562500
vt 0.218750 0.500000
vt 0.218750 0.437500
vt 0.218750 0.375000
vt 0.218750 0.312500
vt 0.218750 0.250000
vt 0.218750 0.187500
vt 0.218750 0.125000
vt 0.218750 0.062500
vt 0.187500 0.937500
vt 0.187500 0.875000
vt 0.187500 0.812500
vt 0.187500 0.750000
vt 0.187500 0.687500
vt 0.187500 0.625000
vt 0.187500 0.562500
vt 0.187500 0.500000
vt 0.187500 0.437500
vt 0.187500 0.375000
vt 0.187500 0.312500
vt 0.187500 0.250000
vt 0.187500 0.187500
vt 0.187500 0.125000
vt 0.187500 0.062500
vt 0.156250 0.937500
vt 0.156250 0.875000
vt 0.156250 0.812500
vt 0.156250 0.750000
vt 0.156250 0.687500
vt 0.156250 0.625000
vt 0.156250 0.562500
vt 0.156250 0.500000
vt 0.156250 0.437500
vt 0.156250 0.375000
vt 0.156250 0.312500
vt 0.156250 0.250000
vt 0.156250 0.187500
vt 0.156250 0.125000
vt 0.156250 0.062500
vt 0.125000 0.937500
vt 0.125000 0.875000
vt 0.125000 0.812500
vt 0.125000 0.750000
vt 0.125000 0.687500
vt 0.125000 0.625000
vt 0.125000 0.562500
vt 0.125000 0.500000
vt 0.125000 0.437500
vt 0.125000 0.375000
vt 0.125000 0.312500
vt 0.125000 0.250000
vt 0.125000 0.187500
vt 0.125000 0.125000
vt 0.125000 0.062500
vt 0.734375 0.000000
vt 0.703125 0.000000
vt 0.671875 0.000000
vt 0.640625 0.000000
vt 0.609375 0.000000
vt 0.578125 0.000000
vt 0.546875 0.000000
vt 0.515625 0.000000
vt 0.484375 0.000000
vt 0.453125 0.000000
vt 0.421875 0.000000
vt 0.390625 0.000000
vt 0.359375 0.000000
vt 0.328125 0.000000
vt 0.296875 0.000000
vt 0.265625 0.000000
vt 0.234375 0.000000
vt 0.203125 0.000000
vt 0.171875 0.000000
vt 0.140625 0.000000
vt 0.109375 0.000000
vt 0.078125 0.000000
vt 0.046875 0.000000
vt 0.015625 0.000000
vt 0.984375 0.000000
vt 0.953125 0.000000
vt 0.921875 0.000000
vt 0.890625 0.000000
vt 0.859375 0.000000
vt 0.828125 0.000000
vt 0.796875 0.000000
vt 0.765625 0.000000
vt 0.093750 0.937500
vt 0.093750 0.875000
vt 0.093750 0.812500
vt 0.093750 0.750000
vt 0.093750 0.687500
vt 0.093750 0.625000
vt 0.093750 0.562500
vt 0.093750 0.500000
vt 0.093750 0.437500
vt 0.093750 0.375000
vt 0.093750 0.312500
vt 0.093750 0.250000
vt 0.093750 0.187500
vt 0.093750 0.125000
vt 0.093750 0.062500
vt 0.062500 0.937500
vt 0.062500 0.875000
vt 0.062500 0.812500
vt 0.062500 0.750000
vt 0.062500 0.687500
vt 0.062500 0.625000
vt 0.062500 0.562500
vt 0.062500 0.500000
vt 0.062500 0.437500
vt 0.062500 0.375000
vt 0.062500 0.312500
vt 0.062500 0.250000
vt 0.062500 0.187500
vt 0.062500 0.125000
vt 0.062500 0.062500
vt 0.031250 0.937500
vt 0.031250 0.875000
vt 0.031250 0.812500
vt 0.031250 0.750000
vt 0.031250 0.687500
vt 0.031250 0.625000
vt 0.031250 0.562500
vt 0.031250 0.500000
vt 0.031250 0.437500
vt 0.031250 0.375000
vt 0.031250 0.312500
vt 0.031250 0.250000
vt 0.031250 0.187500
vt 0.031250 0.125000
vt 0.031250 0.062500
vt 0.000000 0.937500
vt 1.000000 0.937500
vt 0.000000 0.875000
vt 1.000000 0.875000
vt 0.000000 0.812500
vt 1.000000 0.812500
vt 0.000000 0.750000
vt 1.000000 0.750000
vt 0.000000 0.687500
vt 1.000000 0.687500
vt 0.000000 0.625000
vt 1.000000 0.625000
vt 0.000000 0.562500
vt 1.000000 0.562500
vt 0.000000 0.500000
vt 1.000000 0.500000
vt 0.000000 0.437500
vt 1.000000 0.437500
vt 0.000000 0.375000
vt 1.000000 0.375000
vt 0.000000 0.312500
vt 1.000000 0.312500
vt 0.000000 0.250000
vt 1.000000 0.250000
vt 0.000000 0.187500
vt 1.000000 0.187500
vt 0.000000 0.125000
vt 1.000000 0.125000
vt 0.000000 0.062500
vt 1.000000 0.062500
vt 0.968750 0.937500
vt 0.968750 0.875000
vt 0.968750 0.812500
vt 0.968750 0.750000
vt 0.968750 0.687500
vt 0.968750 0.625000
vt 0.968750 0.562500
vt 0.968750 0.500000
vt 0.968750 0.437500
vt 0.968750 0.375000
vt 0.968750 0.312500
vt 0.968750 0.250000
vt 0.968750 0.187500
vt 0.968750 0.125000
vt 0.968750 0.062500
vt 0.937500 0.937500
vt 0.937500 0.875000
vt 0.937500 0.812500
vt 0.937500 0.750000
vt 0.937500 0.687500
vt 0.937500 0.625000
vt 0.937500 0.562500
vt 0.937500 0.500000
vt 0.937500 0.437500
vt 0.937500 0.375000
vt 0.937500 0.312500
vt 0.937500 0.250000
vt 0.937500 0.187500
vt 0.937500 0.125000
vt 0.937500 0.062500
vt 0.906250 0.937500
vt 0.906250 0.875000
vt 0.906250 0.812500
vt 0.906250 0.750000
vt 0.906250 0.687500
vt 0.906250 0.625000
vt 0.906250 0.562500
vt 0.906250 0.500000
vt 0.906250 0.437500
vt 0.906250 0.375000
vt 0.906250 0.312500
vt 0.906250 0.250000
vt 0.906250 0.187500
vt 0.906250 0.125000
vt 0.906250 0.062500
vt 0.875000 0.937500
vt 0.875000 0.875000
vt 0.875000 0.812500
vt 0.875000 0.750000
vt 0.875000 0.687500
vt 0.875000 0.625000
vt 0.875000 0.562500
vt 0.875000 0.500000
vt 0.875000 0.437500
vt 0.875000 0.375000
vt 0.875000 0.312500
vt 0.875000 0.250000
vt 0.875000 0.187500
vt 0.875000 0.125000
vt 0.875000 0.062500
vt 0.843750 0.937500
vt 0.843750 0.875000
vt 0.843750 0.812500
vt 0.843750 0.750000
vt 0.843750 0.687500
vt 0.843750 0.625000
vt 0.843750 0.562500
vt 0.843750 0.500000
vt 0.843750 0.437500
vt 0.843750 0.375000
vt 0.843750 0.312500
vt 0.843750 0.250000
vt 0.843750 0.187500
vt 0.843750 0.125000
vt 0.843750 0.062500
vt 0.812500 0.937500
vt 0.812500 0.875000
vt 0.812500 0.812500
vt 0.812500 0.750000
vt 0.812500 0.687500
vt 0.812500 0.625000
vt 0.812500 0.562500
vt 0.812500 0.500000
vt 0.812500 0.437500
vt 0.812500 0.375000
vt 0.812500 0.312500
vt 0.812500 0.250000
vt 0.812500 0.187500
vt 0.812500 0.125000
vt 0.812500 0.062500
vt 0.781250 0.937500
vt 0.781250 0.875000
vt 0.781250 0.812500
vt 0.781250 0.750000
vt 0.781250 0.687500
vt 0.781250 0.625000
vt 0.781250 0.562500
vt 0.781250 0.500000
vt 0.781250 0.437500
vt 0.781250 0.375000
vt 0.781250 0.312500
vt 0.781250 0.250000
vt 0.781250 0.187500
vt 0.781250 0.125000
vt 0.781250 0.062500
vt 0.750000 0.937500
vt 0.750000 0.875000
vt 0.750000 0.750000
vt 0.750000 0.625000
vt 0.750000 0.375000
vt 0.750000 0.250000
vt 0.750000 0.187500
vt 0.750000 0.125000
vt 0.750000 0.062500
s 0
usemtl Material.003
f 494/571/6 493/570/6 32/32/6 33/33/6
f 16/16/7 15/15/7 25/25/7 26/26/7
f 486/563/8 94/94/8 19/19/8
f 320/351/9 494/571/9 33/33/9
f 17/17/10 16/16/10 26/26/10 27/27/10
f 487/564/11 486/563/11 19/19/11 20/20/11
f 490/567/12 17/17/12 27/27/12 28/28/12
f 13/13/13 487/564/13 20/20/13 21/21/13
f 18/18/14 490/567/14 28/28/14 29/29/14
f 488/565/15 13/13/15 21/21/15 22/22/15
f 491/568/16 18/18/16 29/29/16 30/30/16
f 14/14/17 488/565/17 22/22/17 23/23/17
f 492/569/18 491/568/18 30/30/18 31/31/18
f 489/566/19 14/14/19 23/23/19 24/24/19
f 493/570/20 492/569/20 31/31/20 32/32/20
f 15/15/21 489/566/21 24/24/21 25/25/21
f 24/24/22 23/23/22 38/38/22 39/39/22
f 32/32/23 31/31/23 46/46/23 47/47/23
f 25/25/24 24/24/24 39/39/24 40/40/24
f 33/33/25 32/32/25 47/47/25 48/48/25
f 26/26/26 25/25/26 40/40/26 41/41/26
f 19/19/27 94/95/27 34/34/27
f 320/352/28 33/33/28 48/48/28
f 27/27/29 26/26/29 41/41/29 42/42/29
f 20/20/30 19/19/30 34/34/30 35/35/30
f 28/28/31 27/27/31 42/42/31 43/43/31
f 21/21/32 20/20/32 35/35/32 36/36/32
f 29/29/33 28/28/33 43/43/33 44/44/33
f 22/22/34 21/21/34 36/36/34 37/37/34
f 30/30/35 29/29/35 44/44/35 45/45/35
f 23/23/36 22/22/36 37/37/36 38/38/36
f 31/31/37 30/30/37 45/45/37 46/46/37
f 43/43/38 42/42/38 57/57/38 58/58/38
f 36/36/39 35/35/39 50/50/39 51/51/39
f 44/44/40 43/43/40 58/58/40 59/59/40
f 37/37/41 36/36/41 51/51/41 52/52/41
f 45/45/42 44/44/42 59/59/42 60/60/42
f 38/38/43 37/37/43 52/52/43 53/53/43
f 46/46/44 45/45/44 60/60/44 61/61/44
f 39/39/45 38/38/45 53/53/45 54/54/45
f 47/47/46 46/46/46 61/61/46 62/62/46
f 40/40/47 39/39/47 54/54/47 55/55/47
f 48/48/48 47/47/48 62/62/48 63/63/48
f 41/41/49 40/40/49 55/55/49 56/56/49
f 34/34/50 94/96/50 49/49/50
f 320/353/51 48/48/51 63/63/51
f 42/42/52 41/41/52 56/56/52 57/57/52
f 35/35/53 34/34/53 49/49/53 50/50/53
f 62/62/54 61/61/54 76/76/54 77/77/54
f 55/55/55 54/54/55 69/69/55 70/70/55
f 63/63/56 62/62/56 77/77/56 78/78/56
f 56/56/57 55/55/57 70/70/57 71/71/57
f 49/49/58 94/97/58 64/64/58
f 320/354/59 63/63/59 78/78/59
f 57/57/60 56/56/60 71/71/60 72/72/60
f 50/50/61 49/49/61 64/64/61 65/65/61
f 58/58/62 57/57/62 72/72/62 73/73/62
f 51/51/63 50/50/63 65/65/63 66/66/63
f 59/59/64 58/58/64 73/73/64 74/74/64
f 52/52/65 51/51/65 66/66/65 67/67/65
f 60/60/66 59/59/66 74/74/66 75/75/66
f 53/53/67 52/52/67 67/67/67 68/68/67
f 61/61/68 60/60/68 75/75/68 76/76/68
f 54/54/69 53/53/69 68/68/69 69/69/69
f 74/74/70 73/73/70 88/88/70 89/89/70
f 67/67/71 66/66/71 81/81/71 82/82/71
f 75/75/72 74/74/72 89/89/72 90/90/72
f 68/68/73 67/67/73 82/82/73 83/83/73
f 76/76/74 75/75/74 90/90/74 91/91/74
f 69/69/75 68/68/75 83/83/75 84/84/75
f 77/77/76 76/76/76 91/91/76 92/92/76
f 70/70/77 69/69/77 84/84/77 85/85/77
f 78/78/78 77/77/78 92/92/78 93/93/78
f 71/71/79 70/70/79 85/85/79 86/86/79
f 64/64/80 94/98/80 79/79/80
f 320/355/81 78/78/81 93/93/81
f 72/72/82 71/71/82 86/86/82 87/87/82
f 65/65/83 64/64/83 79/79/83 80/80/83
f 73/73/84 72/72/84 87/87/84 88/88/84
f 66/66/85 65/65/85 80/80/85 81/81/85
f 93/93/86 92/92/86 108/139/86 109/140/86
f 86/86/87 85/85/87 101/132/87 102/133/87
f 79/79/88 94/99/88 95/126/88
f 320/356/89 93/93/89 109/140/89
f 87/87/90 86/86/90 102/133/90 103/134/90
f 80/80/91 79/79/91 95/126/91 96/127/91
f 88/88/92 87/87/92 103/134/92 104/135/92
f 81/81/93 80/80/93 96/127/93 97/128/93
f 89/89/94 88/88/94 104/135/94 105/136/94
f 82/82/95 81/81/95 97/128/95 98/129/95
f 90/90/96 89/89/96 105/136/96 106/137/96
f 83/83/97 82/82/97 98/129/97 99/130/97
f 91/91/98 90/90/98 106/137/98 107/138/98
f 84/84/99 83/83/99 99/130/99 100/131/99
f 92/92/100 91/91/100 107/138/100 108/139/100
f 85/85/101 84/84/101 100/131/101 101/132/101
f 98/129/102 97/128/102 112/143/102 113/144/102
f 106/137/103 105/136/103 120/151/103 121/152/103
f 99/130/104 98/129/104 113/144/104 114/145/104
f 107/138/105 106/137/105 121/152/105 122/153/105
f 100/131/106 99/130/106 114/145/106 115/146/106
f 108/139/107 107/138/107 122/153/107 123/154/107
f 101/132/108 100/131/108 115/146/108 116/147/108
f 109/140/109 108/139/109 123/154/109 124/155/109
f 102/133/110 101/132/110 116/147/110 117/148/110
f 95/126/111 94/100/111 110/141/111
f 320/357/112 109/140/112 124/155/112
f 103/134/113 102/133/113 117/148/113 118/149/113
f 96/127/114 95/126/114 110/141/114 111/142/114
f 104/135/115 103/134/115 118/149/115 119/150/115
f 97/128/116 96/127/116 111/142/116 112/143/116
f 105/136/117 104/135/117 119/150/117 120/151/117
f 117/148/118 116/147/118 131/162/118 132/163/118
f 110/141/119 94/101/119 125/156/119
f 320/358/120 124/155/120 139/170/120
f 118/149/121 117/148/121 132/163/121 133/164/121
f 111/142/122 110/141/122 125/156/122 126/157/122
f 119/150/123 118/149/123 133/164/123 134/165/123
f 112/143/124 111/142/124 126/157/124 127/158/124
f 120/151/125 119/150/125 134/165/125 135/166/125
f 113/144/126 112/143/126 127/158/126 128/159/126
f 121/152/127 120/151/127 135/166/127 136/167/127
f 114/145/128 113/144/128 128/159/128 129/160/128
f 122/153/129 121/152/129 136/167/129 137/168/129
f 115/146/130 114/145/130 129/160/130 130/161/130
f 123/154/131 122/153/131 137/168/131 138/169/131
f 116/147/132 115/146/132 130/161/132 131/162/132
f 124/155/133 123/154/133 138/169/133 139/170/133
f 136/167/134 135/166/134 150/181/134 151/182/134
f 129/160/135 128/159/135 143/174/135 144/175/135
f 137/168/136 136/167/136 151/182/136 152/183/136
f 130/161/137 129/160/137 144/175/137 145/176/137
f 138/169/138 137/168/138 152/183/138 153/184/138
f 131/162/139 130/161/139 145/176/139 146/177/139
f 139/170/140 138/169/140 153/184/140 154/185/140
f 132/163/141 131/162/141 146/177/141 147/178/141
f 125/156/142 94/102/142 140/171/142
f 320/359/143 139/170/143 154/185/143
f 133/164/144 132/163/144 147/178/144 148/179/144
f 126/157/145 125/156/145 140/171/145 141/172/145
f 134/165/146 133/164/146 148/179/146 149/180/146
f 127/158/147 126/157/147 141/172/147 142/173/147
f 135/166/148 134/165/148 149/180/148 150/181/148
f 128/159/149 127/158/149 142/173/149 143/174/149
f 140/171/150 94/103/150 155/186/150
f 320/360/151 154/185/151 169/200/151
f 148/179/152 147/178/152 162/193/152 163/194/152
f 141/172/153 140/171/153 155/186/153 156/187/153
f 149/180/154 148/179/154 163/194/154 164/195/154
f 142/173/155 141/172/155 156/187/155 157/188/155
f 150/181/156 149/180/156 164/195/156 165/196/156
f 143/174/157 142/173/157 157/188/157 158/189/157
f 151/182/158 150/181/158 165/196/158 166/197/158
f 144/175/159 143/174/159 158/189/159 159/190/159
f 152/183/160 151/182/160 166/197/160 167/198/160
f 145/176/161 144/175/161 159/190/161 160/191/161
f 153/184/162 152/183/162 167/198/162 168/199/162
f 146/177/163 145/176/163 160/191/163 161/192/163
f 154/185/164 153/184/164 168/199/164 169/200/164
f 147/178/165 146/177/165 161/192/165 162/193/165
f 159/190/166 158/189/166 173/204/166 174/205/166
f 167/198/167 166/197/167 181/212/167 182/213/167
f 160/191/168 159/190/168 174/205/168 175/206/168
f 168/199/169 167/198/169 182/213/169 183/214/169
f 161/192/170 160/191/170 175/206/170 176/207/170
f 169/200/171 168/199/171 183/214/171 184/215/171
f 162/193/172 161/192/172 176/207/172 177/208/172
f 155/186/173 94/104/173 170/201/173
f 320/361/174 169/200/174 184/215/174
f 163/194/175 162/193/175 177/208/175 178/209/175
f 156/187/176 155/186/176 170/201/176 171/202/176
f 164/195/177 163/194/177 178/209/177 179/210/177
f 157/188/178 156/187/178 171/202/178 172/203/178
f 165/196/179 164/195/179 179/210/179 180/211/179
f 158/189/180 157/188/180 172/203/180 173/204/180
f 166/197/181 165/196/181 180/211/181 181/212/181
f 178/209/182 177/208/182 192/223/182 193/224/182
f 171/202/183 170/201/183 185/216/183 186/217/183
f 179/210/184 178/209/184 193/224/184 194/225/184
f 172/203/185 171/202/185 186/217/185 187/218/185
f 180/211/186 179/210/186 194/225/186 195/226/186
f 173/204/187 172/203/187 187/218/187 188/219/187
f 181/212/188 180/211/188 195/226/188 196/227/188
f 174/205/189 173/204/189 188/219/189 189/220/189
f 182/213/190 181/212/190 196/227/190 197/228/190
f 175/206/191 174/205/191 189/220/191 190/221/191
f 183/214/192 182/213/192 197/228/192 198/229/192
f 176/207/193 175/206/193 190/221/193 191/222/193
f 184/215/194 183/214/194 198/229/194 199/230/194
f 177/208/195 176/207/195 191/222/195 192/223/195
f 170/201/196 94/105/196 185/216/196
f 320/362/197 184/215/197 199/230/197
f 197/228/198 196/227/198 211/242/198 212/243/198
f 190/221/199 189/220/199 204/235/199 205/236/199
f 198/229/200 197/228/200 212/243/200 213/244/200
f 191/222/201 190/221/201 205/236/201 206/237/201
f 199/230/202 198/229/202 213/244/202 214/245/202
f 192/223/203 191/222/203 206/237/203 207/238/203
f 185/216/204 94/106/204 200/231/204
f 320/363/205 199/230/205 214/245/205
f 193/224/206 192/223/206 207/238/206 208/239/206
f 186/217/207 185/216/207 200/231/207 201/232/207
f 194/225/208 193/224/208 208/239/208 209/240/208
f 187/218/209 186/217/209 201/232/209 202/233/209
f 195/226/210 194/225/210 209/240/210 210/241/210
f 188/219/211 187/218/211 202/233/211 203/234/211
f 196/227/212 195/226/212 210/241/212 211/242/212
f 189/220/213 188/219/213 203/234/213 204/235/213
f 209/240/214 208/239/214 223/254/214 224/255/214
f 202/233/215 201/232/215 216/247/215 217/248/215
f 210/241/216 209/240/216 224/255/216 225/256/216
f 203/234/217 202/233/217 217/248/217 218/249/217
f 211/242/218 210/241/218 225/256/218 226/257/218
f 204/235/219 203/234/219 218/249/219 219/250/219
f 212/243/220 211/242/220 226/257/220 227/258/220
f 205/236/221 204/235/221 219/250/221 220/251/221
f 213/244/222 212/243/222 227/258/222 228/259/222
f 206/237/223 205/236/223 220/251/223 221/252/223
f 214/245/224 213/244/224 228/259/224 229/260/224
f 207/238/225 206/237/225 221/252/225 222/253/225
f 200/231/226 94/107/226 215/246/226
f 320/364/227 214/245/227 229/260/227
f 208/239/228 207/238/228 222/253/228 223/254/228
f 201/232/229 200/231/229 215/246/229 216/247/229
f 228/259/230 227/258/230 242/273/230 243/274/230
f 221/252/231 220/251/231 235/266/231 236/267/231
f 229/260/232 228/259/232 243/274/232 244/275/232
f 222/253/233 221/252/233 236/267/233 237/268/233
f 215/246/234 94/108/234 230/261/234
f 320/365/235 229/260/235 244/275/235
f 223/254/236 222/253/236 237/268/236 238/269/236
f 216/247/237 215/246/237 230/261/237 231/262/237
f 224/255/238 223/254/238 238/269/238 239/270/238
f 217/248/239 216/247/239 231/262/239 232/263/239
f 225/256/240 224/255/240 239/270/240 240/271/240
f 218/249/241 217/248/241 232/263/241 233/264/241
f 226/257/242 225/256/242 240/271/242 241/272/242
f 219/250/243 218/249/243 233/264/243 234/265/243
f 227/258/244 226/257/244 241/272/244 242/273/244
f 220/251/245 219/250/245 234/265/245 235/266/245
f 232/263/246 231/262/246 246/277/246 247/278/246
f 240/271/247 239/270/247 254/285/247 255/286/247
f 233/264/248 232/263/248 247/278/248 248/279/248
f 241/272/249 240/271/249 255/286/249 256/287/249
f 234/265/250 233/264/250 248/279/250 249/280/250
f 242/273/251 241/272/251 256/287/251 257/288/251
f 235/266/252 234/265/252 249/280/252 250/281/252
f 243/274/253 242/273/253 257/288/253 258/289/253
f 236/267/254 235/266/254 250/281/254 251/282/254
f 244/275/255 243/274/255 258/289/255 259/290/255
f 237/268/256 236/267/256 251/282/256 252/283/256
f 230/261/257 94/109/257 245/276/257
f 320/366/258 244/275/258 259/290/258
f 238/269/259 237/268/259 252/283/259 253/284/259
f 231/262/260 230/261/260 245/276/260 246/277/260
f 239/270/261 238/269/261 253/284/261 254/285/261
f 251/282/262 250/281/262 265/296/262 266/297/262
f 259/290/263 258/289/263 273/304/263 274/305/263
f 252/283/264 251/282/264 266/297/264 267/298/264
f 245/276/265 94/110/265 260/291/265
f 320/367/266 259/290/266 274/305/266
f 253/284/267 252/283/267 267/298/267 268/299/267
f 246/277/268 245/276/268 260/291/268 261/292/268
f 254/285/269 253/284/269 268/299/269 269/300/269
f 247/278/270 246/277/270 261/292/270 262/293/270
f 255/286/271 254/285/271 269/300/271 270/301/271
f 248/279/272 247/278/272 262/293/272 263/294/272
f 256/287/273 255/286/273 270/301/273 271/302/273
f 249/280/274 248/279/274 263/294/274 264/295/274
f 257/288/275 256/287/275 271/302/275 272/303/275
f 250/281/276 249/280/276 264/295/276 265/296/276
f 258/289/277 257/288/277 272/303/277 273/304/277
f 270/301/278 269/300/278 284/315/278 285/316/278
f 263/294/279 262/293/279 277/308/279 278/309/279
f 271/302/280 270/301/280 285/316/280 286/317/280
f 264/295/281 263/294/281 278/309/281 279/310/281
f 272/303/282 271/302/282 286/317/282 287/318/282
f 265/296/283 264/295/283 279/310/283 280/311/283
f 273/304/284 272/303/284 287/318/284 288/319/284
f 266/297/285 265/296/285 280/311/285 281/312/285
f 274/305/286 273/304/286 288/319/286 289/320/286
f 267/298/287 266/297/287 281/312/287 282/313/287
f 260/291/288 94/111/288 275/306/288
f 320/368/289 274/305/289 289/320/289
f 268/299/290 267/298/290 282/313/290 283/314/290
f 261/292/291 260/291/291 275/306/291 276/307/291
f 269/300/292 268/299/292 283/314/292 284/315/292
f 262/293/293 261/292/293 276/307/293 277/308/293
f 289/320/294 288/319/294 303/334/294 304/335/294
f 282/313/295 281/312/295 296/327/295 297/328/295
f 275/306/296 94/112/296 290/321/296
f 320/369/297 289/320/297 304/335/297
f 283/314/298 282/313/298 297/328/298 298/329/298
f 276/307/299 275/306/299 290/321/299 291/322/299
f 284/315/300 283/314/300 298/329/300 299/330/300
f 277/308/301 276/307/301 291/322/301 292/323/301
f 285/316/302 284/315/302 299/330/302 300/331/302
f 278/309/303 277/308/303 292/323/303 293/324/303
f 286/317/304 285/316/304 300/331/304 301/332/304
f 279/310/305 278/309/305 293/324/305 294/325/305
f 287/318/306 286/317/306 301/332/306 302/333/306
f 280/311/307 279/310/307 294/325/307 295/326/307
f 288/319/308 287/318/308 302/333/308 303/334/308
f 281/312/309 280/311/309 295/326/309 296/327/309
f 293/324/310 292/323/310 307/338/310 308/339/310
f 301/332/311 300/331/311 315/346/311 316/347/311
f 294/325/312 293/324/312 308/339/312 309/340/312
f 302/333/313 301/332/313 316/347/313 317/348/313
f 295/326/314 294/325/314 309/340/314 310/341/314
f 303/334/315 302/333/315 317/348/315 318/349/315
f 296/327/316 295/326/316 310/341/316 311/342/316
f 304/335/317 303/334/317 318/349/317 319/350/317
f 297/328/318 296/327/318 311/342/318 312/343/318
f 290/321/319 94/113/319 305/336/319
f 320/370/320 304/335/320 319/350/320
f 298/329/321 297/328/321 312/343/321 313/344/321
f 291/322/322 290/321/322 305/336/322 306/337/322
f 299/330/323 298/329/323 313/344/323 314/345/323
f 292/323/324 291/322/324 306/337/324 307/338/324
f 300/331/325 299/330/325 314/345/325 315/346/325
f 312/343/326 311/342/326 327/389/326 328/390/326
f 305/336/327 94/114/327 321/383/327
f 320/371/328 319/350/328 335/397/328
f 313/344/329 312/343/329 328/390/329 329/391/329
f 306/337/330 305/336/330 321/383/330 322/384/330
f 314/345/331 313/344/331 329/391/331 330/392/331
f 307/338/332 306/337/332 322/384/332 323/385/332
f 315/346/333 314/345/333 330/392/333 331/393/333
f 308/339/334 307/338/334 323/385/334 324/386/334
f 316/347/335 315/346/335 331/393/335 332/394/335
f 309/340/336 308/339/336 324/386/336 325/387/336
f 317/348/337 316/347/337 332/394/337 333/395/337
f 310/341/338 309/340/338 325/387/338 326/388/338
f 318/349/339 317/348/339 333/395/339 334/396/339
f 311/342/340 310/341/340 326/388/340 327/389/340
f 319/350/341 318/349/341 334/396/341 335/397/341
f 332/394/342 331/393/342 346/408/342 347/409/342
f 325/387/343 324/386/343 339/401/343 340/402/343
f 333/395/344 332/394/344 347/409/344 348/410/344
f 326/388/345 325/387/345 340/402/345 341/403/345
f 334/396/346 333/395/346 348/410/346 349/411/346
f 327/389/347 326/388/347 341/403/347 342/404/347
f 335/397/348 334/396/348 349/411/348 350/412/348
f 328/390/349 327/389/349 342/404/349 343/405/349
f 321/383/350 94/115/350 336/398/350
f 320/372/351 335/397/351 350/412/351
f 329/391/352 328/390/352 343/405/352 344/406/352
f 322/384/353 321/383/353 336/398/353 337/399/353
f 330/392/354 329/391/354 344/406/354 345/407/354
f 323/385/355 322/384/355 337/399/355 338/400/355
f 331/393/356 330/392/356 345/407/356 346/408/356
f 324/386/357 323/385/357 338/400/357 339/401/357
f 320/373/358 350/412/358 365/427/358
f 344/406/359 343/405/359 358/420/359 359/421/359
f 337/399/360 336/398/360 351/413/360 352/414/360
f 345/407/361 344/406/361 359/421/361 360/422/361
f 338/400/362 337/399/362 352/414/362 353/415/362
f 346/408/363 345/407/363 360/422/363 361/423/363
f 339/401/364 338/400/364 353/415/364 354/416/364
f 347/409/365 346/408/365 361/423/365 362/424/365
f 340/402/366 339/401/366 354/416/366 355/417/366
f 348/410/367 347/409/367 362/424/367 363/425/367
f 341/403/368 340/402/368 355/417/368 356/418/368
f 349/411/369 348/410/369 363/425/369 364/426/369
f 342/404/370 341/403/370 356/418/370 357/419/370
f 350/412/371 349/411/371 364/426/371 365/427/371
f 343/405/372 342/404/372 357/419/372 358/420/372
f 336/398/373 94/116/373 351/413/373
f 363/425/374 362/424/374 377/450/374 378/452/374
f 356/418/375 355/417/375 370/436/375 371/438/375
f 364/426/376 363/425/376 378/452/376 379/454/376
f 357/419/377 356/418/377 371/438/377 372/440/377
f 365/427/378 364/426/378 379/454/378 380/456/378
f 358/420/379 357/419/379 372/440/379 373/442/379
f 351/413/380 94/117/380 366/428/380
f 320/374/381 365/427/381 380/456/381
f 359/421/382 358/420/382 373/442/382 374/444/382
f 352/414/383 351/413/383 366/428/383 367/430/383
f 360/422/384 359/421/384 374/444/384 375/446/384
f 353/415/385 352/414/385 367/430/385 368/432/385
f 361/423/386 360/422/386 375/446/386 376/448/386
f 354/416/387 353/415/387 368/432/387 369/434/387
f 362/424/388 361/423/388 376/448/388 377/450/388
f 355/417/389 354/416/389 369/434/389 370/436/389
f 367/431/390 366/429/390 381/458/390 382/459/390
f 375/447/391 374/445/391 389/466/391 390/467/391
f 368/433/392 367/431/392 382/459/392 383/460/392
f 376/449/393 375/447/393 390/467/393 391/468/393
f 369/435/394 368/433/394 383/460/394 384/461/394
f 377/451/395 376/449/395 391/468/395 392/469/395
f 370/437/396 369/435/396 384/461/396 385/462/396
f 378/453/397 377/451/397 392/469/397 393/470/397
f 371/439/398 370/437/398 385/462/398 386/463/398
f 379/455/399 378/453/399 393/470/399 394/471/399
f 372/441/400 371/439/400 386/463/400 387/464/400
f 380/457/401 379/455/401 394/471/401 395/472/401
f 373/443/402 372/441/402 387/464/402 388/465/402
f 366/429/403 94/118/403 381/458/403
f 320/375/404 380/457/404 395/472/404
f 374/445/405 373/443/405 388/465/405 389/466/405
f 386/463/406 385/462/406 400/477/406 401/478/406
f 394/471/407 393/470/407 408/485/407 409/486/407
f 387/464/408 386/463/408 401/478/408 402/479/408
f 395/472/409 394/471/409 409/486/409 410/487/409
f 388/465/410 387/464/410 402/479/410 403/480/410
f 381/458/411 94/119/411 396/473/411
f 320/376/412 395/472/412 410/487/412
f 389/466/413 388/465/413 403/480/413 404/481/413
f 382/459/414 381/458/414 396/473/414 397/474/414
f 390/467/415 389/466/415 404/481/415 405/482/415
f 383/460/416 382/459/416 397/474/416 398/475/416
f 391/468/417 390/467/417 405/482/417 406/483/417
f 384/461/418 383/460/418 398/475/418 399/476/418
f 392/469/419 391/468/419 406/483/419 407/484/419
f 385/462/420 384/461/420 399/476/420 400/477/420
f 393/470/421 392/469/421 407/484/421 408/485/421
f 405/482/422 404/481/422 419/496/422 420/497/422
f 398/475/423 397/474/423 412/489/423 413/490/423
f 406/483/424 405/482/424 420/497/424 421/498/424
f 399/476/425 398/475/425 413/490/425 414/491/425
f 407/484/426 406/483/426 421/498/426 422/499/426
f 400/477/427 399/476/427 414/491/427 415/492/427
f 408/485/428 407/484/428 422/499/428 423/500/428
f 401/478/429 400/477/429 415/492/429 416/493/429
f 409/486/430 408/485/430 423/500/430 424/501/430
f 402/479/431 401/478/431 416/493/431 417/494/431
f 410/487/432 409/486/432 424/501/432 425/502/432
f 403/480/433 402/479/433 417/494/433 418/495/433
f 396/473/434 94/120/434 411/488/434
f 320/377/435 410/487/435 425/502/435
f 404/481/436 403/480/436 418/495/436 419/496/436
f 397/474/437 396/473/437 411/488/437 412/489/437
f 424/501/438 423/500/438 438/515/438 439/516/438
f 417/494/439 416/493/439 431/508/439 432/509/439
f 425/502/440 424/501/440 439/516/440 440/517/440
f 418/495/441 417/494/441 432/509/441 433/510/441
f 411/488/442 94/121/442 426/503/442
f 320/378/443 425/502/443 440/517/443
f 419/496/444 418/495/444 433/510/444 434/511/444
f 412/489/445 411/488/445 426/503/445 427/504/445
f 420/497/446 419/496/446 434/511/446 435/512/446
f 413/490/447 412/489/447 427/504/447 428/505/447
f 421/498/448 420/497/448 435/512/448 436/513/448
f 414/491/449 413/490/449 428/505/449 429/506/449
f 422/499/450 421/498/450 436/513/450 437/514/450
f 415/492/451 414/491/451 429/506/451 430/507/451
f 423/500/452 422/499/452 437/514/452 438/515/452
f 416/493/453 415/492/453 430/507/453 431/508/453
f 428/505/454 427/504/454 442/519/454 443/520/454
f 436/513/455 435/512/455 450/527/455 451/528/455
f 429/506/456 428/505/456 443/520/456 444/521/456
f 437/514/457 436/513/457 451/528/457 452/529/457
f 430/507/458 429/506/458 444/521/458 445/522/458
f 438/515/459 437/514/459 452/529/459 453/530/459
f 431/508/460 430/507/460 445/522/460 446/523/460
f 439/516/461 438/515/461 453/530/461 454/531/461
f 432/509/462 431/508/462 446/523/462 447/524/462
f 440/517/463 439/516/463 454/531/463 455/532/463
f 433/510/464 432/509/464 447/524/464 448/525/464
f 426/503/465 94/122/465 441/518/465
f 320/379/466 440/517/466 455/532/466
f 434/511/467 433/510/467 448/525/467 449/526/467
f 427/504/468 426/503/468 441/518/468 442/519/468
f 435/512/469 434/511/469 449/526/469 450/527/469
f 447/524/470 446/523/470 461/538/470 462/539/470
f 455/532/471 454/531/471 469/546/471 470/547/471
f 448/525/472 447/524/472 462/539/472 463/540/472
f 441/518/473 94/123/473 456/533/473
f 320/380/474 455/532/474 470/547/474
f 449/526/475 448/525/475 463/540/475 464/541/475
f 442/519/476 441/518/476 456/533/476 457/534/476
f 450/527/477 449/526/477 464/541/477 465/542/477
f 443/520/478 442/519/478 457/534/478 458/535/478
f 451/528/479 450/527/479 465/542/479 466/543/479
f 444/521/480 443/520/480 458/535/480 459/536/480
f 452/529/481 451/528/481 466/543/481 467/544/481
f 445/522/482 444/521/482 459/536/482 460/537/482
f 453/530/483 452/529/483 467/544/483 468/545/483
f 446/523/484 445/522/484 460/537/484 461/538/484
f 454/531/485 453/530/485 468/545/485 469/546/485
f 466/543/486 465/542/486 480/557/486 481/558/486
f 459/536/487 458/535/487 473/550/487 474/551/487
f 467/544/488 466/543/488 481/558/488 482/559/488
f 460/537/489 459/536/489 474/551/489 475/552/489
f 468/545/490 467/544/490 482/559/490 483/560/490
f 461/538/491 460/537/491 475/552/491 476/553/491
f 469/546/492 468/545/492 483/560/492 484/561/492
f 462/539/493 461/538/493 476/553/493 477/554/493
f 470/547/494 469/546/494 484/561/494 485/562/494
f 463/540/495 462/539/495 477/554/495 478/555/495
f 456/533/496 94/124/496 471/548/496
f 320/381/497 470/547/497 485/562/497
f 464/541/498 463/540/498 478/555/498 479/556/498
f 457/534/499 456/533/499 471/548/499 472/549/499
f 465/542/500 464/541/500 479/556/500 480/557/500
f 458/535/501 457/534/501 472/549/501 473/550/501
f 485/562/502 484/561/502 493/570/502 494/571/502
f 478/555/503 477/554/503 15/15/503 16/16/503
f 471/548/504 94/125/504 486/563/504
f 320/382/505 485/562/505 494/571/505
f 479/556/506 478/555/506 16/16/506 17/17/506
f 472/549/507 471/548/507 486/563/507 487/564/507
f 480/557/508 479/556/508 17/17/508 490/567/508
f 473/550/509 472/549/509 487/564/509 13/13/509
f 481/558/510 480/557/510 490/567/510 18/18/510
f 474/551/511 473/550/511 13/13/511 488/565/511
f 482/559/512 481/558/512 18/18/512 491/568/512
f 475/552/513 474/551/513 488/565/513 14/14/513
f 483/560/514 482/559/514 491/568/514 492/569/514
f 476/553/515 475/552/515 14/14/515 489/566/515
f 484/561/516 483/560/516 492/569/516 493/570/516
f 477/554/517 476/553/517 489/566/517 15/15/517
o Sphere.001
v 0.544579 1.718155 -1.214377
v 0.544579 1.578779 -1.353753
v 0.544579 1.396675 -1.429183
v 0.544579 1.298120 -1.438890
v 0.544579 1.199566 -1.429183
v 0.544579 1.017462 -1.353753
v 0.563806 1.793585 -1.030379
v 0.582294 1.764838 -1.123325
v 0.599333 1.718155 -1.208984
v 0.614268 1.655331 -1.284065
v 0.626524 1.578779 -1.345683
v 0.635632 1.491441 -1.391468
v 0.641240 1.396675 -1.419663
v 0.643134 1.298120 -1.429183
v 0.641240 1.199566 -1.419663
v 0.635632 1.104800 -1.391468
v 0.626524 1.017462 -1.345683
v 0.614268 0.940910 -1.284065
v 0.599333 0.878086 -1.208984
v 0.582294 0.831403 -1.123325
v 0.563806 0.802656 -1.030379
v 0.582294 1.793585 -1.024771
v 0.618560 1.764838 -1.112324
v 0.651983 1.718155 -1.193013
v 0.681278 1.655331 -1.263738
v 0.705320 1.578779 -1.321780
v 0.723185 1.491441 -1.364909
v 0.734186 1.396675 -1.391468
v 0.737900 1.298120 -1.400436
v 0.734186 1.199566 -1.391468
v 0.723185 1.104800 -1.364909
v 0.705320 1.017462 -1.321780
v 0.681278 0.940910 -1.263738
v 0.651983 0.878086 -1.193013
v 0.618560 0.831403 -1.112324
v 0.582294 0.802656 -1.024771
v 0.599333 1.793585 -1.015663
v 0.651983 1.764838 -1.094459
v 0.700505 1.718155 -1.167077
v 0.743035 1.655331 -1.230728
v 0.777938 1.578779 -1.282965
v 0.803874 1.491441 -1.321780
v 0.819845 1.396675 -1.345683
v 0.825238 1.298120 -1.353753
v 0.819845 1.199566 -1.345683
v 0.803874 1.104800 -1.321780
v 0.777938 1.017462 -1.282965
v 0.743035 0.940910 -1.230728
v 0.700505 0.878086 -1.167077
v 0.651983 0.831403 -1.094459
v 0.599333 0.802656 -1.015663
v 0.614268 1.793585 -1.003407
v 0.681278 1.764838 -1.070417
v 0.743035 1.718155 -1.132174
v 0.797165 1.655331 -1.186304
v 0.841589 1.578779 -1.230728
v 0.874599 1.491441 -1.263738
v 0.894926 1.396675 -1.284065
v 0.901790 1.298120 -1.290929
v 0.894926 1.199566 -1.284065
v 0.874599 1.104800 -1.263738
v 0.841589 1.017462 -1.230728
v 0.797165 0.940910 -1.186304
v 0.743035 0.878086 -1.132174
v 0.681278 0.831403 -1.070417
v 0.614268 0.802656 -1.003407
v 0.626524 1.793585 -0.988472
v 0.705320 1.764838 -1.041122
v 0.777938 1.718155 -1.089644
v 0.841589 1.655331 -1.132174
v 0.893826 1.578779 -1.167077
v 0.932641 1.491441 -1.193013
v 0.956543 1.396675 -1.208984
v 0.964614 1.298120 -1.214377
v 0.956543 1.199566 -1.208984
v 0.932641 1.104800 -1.193013
v 0.893826 1.017462 -1.167077
v 0.841589 0.940910 -1.132174
v 0.777938 0.878086 -1.089644
v 0.705320 0.831403 -1.041122
v 0.626524 0.802656 -0.988472
v 0.544579 1.803292 -0.933719
v 0.635632 1.793585 -0.971434
v 0.723185 1.764838 -1.007699
v 0.803874 1.718155 -1.041122
v 0.874599 1.655331 -1.070417
v 0.932641 1.578779 -1.094459
v 0.975770 1.491441 -1.112324
v 1.002329 1.396675 -1.123325
v 1.011297 1.298120 -1.127039
v 1.002329 1.199566 -1.123325
v 0.975770 1.104800 -1.112324
v 0.932641 1.017462 -1.094459
v 0.874599 0.940910 -1.070417
v 0.803874 0.878086 -1.041122
v 0.723185 0.831403 -1.007699
v 0.635632 0.802656 -0.971434
v 0.641240 1.793585 -0.952946
v 0.734186 1.764838 -0.971434
v 0.819845 1.718155 -0.988472
v 0.894926 1.655331 -1.003407
v 0.956543 1.578779 -1.015663
v 1.002329 1.491441 -1.024771
v 1.030524 1.396675 -1.030379
v 1.040044 1.298120 -1.032273
v 1.030524 1.199566 -1.030379
v 1.002329 1.104800 -1.024771
v 0.956543 1.017462 -1.015663
v 0.894926 0.940910 -1.003407
v 0.819845 0.878086 -0.988472
v 0.734186 0.831403 -0.971434
v 0.641240 0.802656 -0.952946
v 0.643134 1.793585 -0.933719
v 0.737900 1.764838 -0.933719
v 0.825238 1.718155 -0.933719
v 0.901790 1.655331 -0.933719
v 0.964614 1.578779 -0.933719
v 1.011297 1.491441 -0.933719
v 1.040044 1.396675 -0.933719
v 1.049751 1.298120 -0.933719
v 1.040044 1.199566 -0.933719
v 1.011297 1.104800 -0.933719
v 0.964614 1.017462 -0.933719
v 0.901790 0.940910 -0.933719
v 0.825238 0.878086 -0.933719
v 0.737900 0.831403 -0.933719
v 0.643134 0.802656 -0.933719
v 0.641240 1.793585 -0.914492
v 0.734186 1.764838 -0.896004
v 0.819845 1.718155 -0.878965
v 0.894926 1.655331 -0.864030
v 0.956543 1.578779 -0.851774
v 1.002329 1.491441 -0.842667
v 1.030524 1.396675 -0.837058
v 1.040044 1.298120 -0.835164
v 1.030524 1.199566 -0.837058
v 1.002329 1.104800 -0.842667
v 0.956543 1.017462 -0.851774
v 0.894926 0.940910 -0.864030
v 0.819845 0.878086 -0.878965
v 0.734186 0.831403 -0.896004
v 0.641240 0.802656 -0.914492
v 0.635632 1.793585 -0.896004
v 0.723185 1.764838 -0.859738
v 0.803874 1.718155 -0.826315
v 0.874599 1.655331 -0.797020
v 0.932641 1.578779 -0.772978
v 0.975770 1.491441 -0.755114
v 1.002329 1.396675 -0.744112
v 1.011297 1.298120 -0.740398
v 1.002329 1.199566 -0.744112
v 0.975770 1.104800 -0.755114
v 0.932641 1.017462 -0.772978
v 0.874599 0.940910 -0.797020
v 0.803874 0.878086 -0.826315
v 0.723185 0.831403 -0.859738
v 0.635632 0.802656 -0.896004
v 0.626524 1.793585 -0.878965
v 0.705320 1.764838 -0.826315
v 0.777938 1.718155 -0.777793
v 0.841589 1.655331 -0.735263
v 0.893825 1.578779 -0.700360
v 0.932641 1.491441 -0.674424
v 0.956543 1.396675 -0.658453
v 0.964614 1.298120 -0.653060
v 0.956543 1.199566 -0.658453
v 0.932641 1.104800 -0.674424
v 0.893825 1.017462 -0.700360
v 0.841589 0.940910 -0.735263
v 0.777938 0.878086 -0.777793
v 0.705320 0.831403 -0.826315
v 0.626524 0.802656 -0.878965
v 0.614268 1.793585 -0.864030
v 0.681278 1.764838 -0.797020
v 0.743035 1.718155 -0.735263
v 0.797165 1.655331 -0.681133
v 0.841589 1.578779 -0.636709
v 0.874599 1.491441 -0.603699
v 0.894926 1.396675 -0.583372
v 0.901789 1.298120 -0.576508
v 0.894926 1.199566 -0.583372
v 0.874599 1.104800 -0.603699
v 0.841589 1.017462 -0.636709
v 0.797165 0.940910 -0.681133
v 0.743035 0.878086 -0.735263
v 0.681278 0.831403 -0.797020
v 0.614268 0.802656 -0.864030
v 0.599333 1.793585 -0.851774
v 0.651983 1.764838 -0.772978
v 0.700505 1.718155 -0.700360
v 0.743035 1.655331 -0.636709
v 0.777938 1.578779 -0.584473
v 0.803874 1.491441 -0.545657
v 0.819845 1.396675 -0.521755
v 0.825237 1.298120 -0.513684
v 0.819845 1.199566 -0.521755
v 0.803874 1.104800 -0.545657
v 0.777938 1.017462 -0.584473
v 0.743035 0.940910 -0.636709
v 0.700505 0.878086 -0.700360
v 0.651983 0.831403 -0.772978
v 0.599333 0.802656 -0.851774
v 0.582294 1.793585 -0.842667
v 0.618560 1.764838 -0.755114
v 0.651983 1.718155 -0.674424
v 0.681278 1.655331 -0.603699
v 0.705320 1.578779 -0.545657
v 0.723185 1.491441 -0.502528
v 0.734186 1.396675 -0.475969
v 0.737900 1.298120 -0.467001
v 0.734186 1.199566 -0.475969
v 0.723185 1.104800 -0.502528
v 0.705320 1.017462 -0.545657
v 0.681278 0.940910 -0.603699
v 0.651983 0.878086 -0.674424
v 0.618560 0.831403 -0.755114
v 0.582294 0.802656 -0.842667
v 0.563806 1.793585 -0.837058
v 0.582294 1.764838 -0.744112
v 0.599333 1.718155 -0.658453
v 0.614268 1.655331 -0.583372
v 0.626524 1.578779 -0.521755
v 0.635632 1.491441 -0.475969
v 0.641240 1.396675 -0.447774
v 0.643133 1.298120 -0.438254
v 0.641240 1.199566 -0.447774
v 0.635632 1.104800 -0.475969
v 0.626524 1.017462 -0.521755
v 0.614268 0.940910 -0.583372
v 0.599333 0.878086 -0.658453
v 0.582294 0.831403 -0.744112
v 0.563806 0.802656 -0.837058
v 0.544579 1.793585 -0.835165
v 0.544579 1.764838 -0.740398
v 0.544579 1.718155 -0.653060
v 0.544579 1.655331 -0.576508
v 0.544579 1.578779 -0.513684
v 0.544579 1.491441 -0.467001
v 0.544579 1.396675 -0.438254
v 0.544579 1.298120 -0.428547
v 0.544579 1.199566 -0.438254
v 0.544579 1.104800 -0.467001
v 0.544579 1.017462 -0.513684
v 0.544579 0.940910 -0.576508
v 0.544579 0.878086 -0.653060
v 0.544579 0.831403 -0.740398
v 0.544579 0.802656 -0.835165
v 0.525353 1.793585 -0.837058
v 0.506864 1.764838 -0.744112
v 0.489826 1.718155 -0.658453
v 0.474891 1.655331 -0.583372
v 0.462635 1.578779 -0.521755
v 0.453527 1.491441 -0.475969
v 0.447919 1.396675 -0.447774
v 0.446025 1.298120 -0.438254
v 0.447919 1.199566 -0.447774
v 0.453527 1.104800 -0.475969
v 0.462635 1.017462 -0.521755
v 0.474891 0.940910 -0.583372
v 0.489826 0.878086 -0.658453
v 0.506864 0.831403 -0.744112
v 0.525353 0.802656 -0.837058
v 0.506864 1.793585 -0.842667
v 0.470599 1.764838 -0.755114
v 0.437176 1.718155 -0.674424
v 0.407881 1.655331 -0.603699
v 0.383839 1.578779 -0.545657
v 0.365974 1.491441 -0.502528
v 0.354973 1.396675 -0.475969
v 0.351259 1.298120 -0.467001
v 0.354973 1.199566 -0.475969
v 0.365974 1.104800 -0.502528
v 0.383839 1.017462 -0.545657
v 0.407881 0.940910 -0.603699
v 0.437176 0.878086 -0.674424
v 0.470599 0.831403 -0.755114
v 0.506864 0.802656 -0.842667
v 0.489826 1.793585 -0.851774
v 0.437176 1.764838 -0.772978
v 0.388654 1.718155 -0.700360
v 0.346124 1.655331 -0.636709
v 0.311221 1.578779 -0.584473
v 0.285285 1.491441 -0.545657
v 0.269314 1.396675 -0.521755
v 0.263921 1.298120 -0.513684
v 0.269314 1.199566 -0.521755
v 0.285285 1.104800 -0.545657
v 0.311221 1.017462 -0.584473
v 0.346124 0.940910 -0.636709
v 0.388654 0.878086 -0.700360
v 0.437176 0.831403 -0.772978
v 0.489826 0.802656 -0.851774
v 0.474891 1.793585 -0.864030
v 0.407881 1.764838 -0.797020
v 0.346124 1.718155 -0.735263
v 0.291994 1.655331 -0.681133
v 0.247570 1.578779 -0.636709
v 0.214560 1.491441 -0.603700
v 0.194233 1.396675 -0.583372
v 0.187369 1.298120 -0.576509
v 0.194233 1.199566 -0.583372
v 0.214560 1.104800 -0.603700
v 0.247570 1.017462 -0.636709
v 0.291994 0.940910 -0.681133
v 0.346124 0.878086 -0.735263
v 0.407881 0.831403 -0.797020
v 0.474891 0.802656 -0.864030
v 0.544579 0.792949 -0.933719
v 0.462635 1.793585 -0.878965
v 0.383839 1.764838 -0.826315
v 0.311221 1.718155 -0.777793
v 0.247570 1.655331 -0.735263
v 0.195333 1.578779 -0.700360
v 0.156518 1.491441 -0.674424
v 0.132616 1.396675 -0.658453
v 0.124545 1.298120 -0.653061
v 0.132616 1.199566 -0.658453
v 0.156518 1.104800 -0.674424
v 0.195333 1.017462 -0.700360
v 0.247570 0.940910 -0.735263
v 0.311221 0.878086 -0.777793
v 0.383839 0.831403 -0.826315
v 0.462635 0.802656 -0.878965
v 0.453527 1.793585 -0.896004
v 0.365974 1.764838 -0.859738
v 0.285285 1.718155 -0.826316
v 0.214560 1.655331 -0.797020
v 0.156518 1.578779 -0.772978
v 0.113389 1.491441 -0.755114
v 0.086830 1.396675 -0.744113
v 0.077862 1.298120 -0.740398
v 0.086830 1.199566 -0.744113
v 0.113389 1.104800 -0.755114
v 0.156518 1.017462 -0.772978
v 0.214560 0.940910 -0.797020
v 0.285285 0.878086 -0.826316
v 0.365974 0.831403 -0.859738
v 0.453527 0.802656 -0.896004
v 0.447919 1.793585 -0.914492
v 0.354973 1.764838 -0.896004
v 0.269314 1.718155 -0.878965
v 0.194233 1.655331 -0.864030
v 0.132616 1.578779 -0.851774
v 0.086830 1.491441 -0.842667
v 0.058635 1.396675 -0.837058
v 0.049115 1.298120 -0.835165
v 0.058635 1.199566 -0.837058
v 0.086830 1.104800 -0.842667
v 0.132616 1.017462 -0.851774
v 0.194233 0.940910 -0.864030
v 0.269314 0.878086 -0.878965
v 0.354973 0.831403 -0.896004
v 0.447919 0.802656 -0.914492
v 0.446025 1.793585 -0.933719
v 0.351259 1.764838 -0.933719
v 0.263921 1.718155 -0.933719
v 0.187369 1.655331 -0.933719
v 0.124545 1.578779 -0.933719
v 0.077862 1.491441 -0.933719
v 0.049115 1.396675 -0.933719
v 0.039408 1.298120 -0.933719
v 0.049115 1.199566 -0.933719
v 0.077862 1.104800 -0.933719
v 0.124545 1.017462 -0.933719
v 0.187369 0.940910 -0.933719
v 0.263921 0.878086 -0.933719
v 0.351259 0.831403 -0.933719
v 0.446025 0.802656 -0.933719
v 0.447919 1.793585 -0.952946
v 0.354973 1.764838 -0.971434
v 0.269314 1.718155 -0.988472
v 0.194233 1.655331 -1.003407
v 0.132616 1.578779 -1.015663
v 0.086830 1.491441 -1.024771
v 0.058635 1.396675 -1.030379
v 0.049115 1.298120 -1.032273
v 0.058635 1.199566 -1.030379
v 0.086830 1.104800 -1.024771
v 0.132616 1.017462 -1.015663
v 0.194233 0.940910 -1.003407
v 0.269314 0.878086 -0.988472
v 0.354973 0.831403 -0.971434
v 0.447919 0.802656 -0.952946
v 0.453527 1.793585 -0.971434
v 0.365974 1.764838 -1.007699
v 0.285285 1.718155 -1.041122
v 0.214560 1.655331 -1.070417
v 0.156518 1.578779 -1.094459
v 0.113389 1.491441 -1.112324
v 0.086830 1.396675 -1.123325
v 0.077862 1.298120 -1.127039
v 0.086830 1.199566 -1.123325
v 0.113389 1.104800 -1.112324
v 0.156518 1.017462 -1.094459
v 0.214560 0.940910 -1.070417
v 0.285285 0.878086 -1.041122
v 0.365974 0.831403 -1.007699
v 0.453527 0.802656 -0.971434
v 0.462635 1.793585 -0.988472
v 0.383839 1.764838 -1.041122
v 0.311221 1.718155 -1.089644
v 0.247570 1.655331 -1.132174
v 0.195334 1.578779 -1.167077
v 0.156518 1.491441 -1.193013
v 0.132616 1.396675 -1.208984
v 0.124545 1.298120 -1.214377
v 0.132616 1.199566 -1.208984
v 0.156518 1.104800 -1.193013
v 0.195334 1.017462 -1.167077
v 0.247570 0.940910 -1.132174
v 0.311221 0.878086 -1.089644
v 0.383839 0.831403 -1.041122
v 0.462635 0.802656 -0.988472
v 0.474891 1.793585 -1.003407
v 0.407881 1.764838 -1.070417
v 0.346124 1.718155 -1.132174
v 0.291994 1.655331 -1.186304
v 0.247570 1.578779 -1.230728
v 0.214560 1.491441 -1.263738
v 0.194233 1.396675 -1.284065
v 0.187370 1.298120 -1.290929
v 0.194233 1.199566 -1.284065
v 0.214560 1.104800 -1.263738
v 0.247570 1.017462 -1.230728
v 0.291994 0.940910 -1.186304
v 0.346124 0.878086 -1.132174
v 0.407881 0.831403 -1.070417
v 0.474891 0.802656 -1.003407
v 0.489826 1.793585 -1.015663
v 0.437176 1.764838 -1.094459
v 0.388654 1.718155 -1.167077
v 0.346124 1.655331 -1.230728
v 0.311221 1.578779 -1.282965
v 0.285285 1.491441 -1.321780
v 0.269314 1.396675 -1.345682
v 0.263922 1.298120 -1.353753
v 0.269314 1.199566 -1.345682
v 0.285285 1.104800 -1.321780
v 0.311221 1.017462 -1.282965
v 0.346124 0.940910 -1.230728
v 0.388654 0.878086 -1.167077
v 0.437176 0.831403 -1.094459
v 0.489826 0.802656 -1.015663
v 0.506864 1.793585 -1.024771
v 0.470599 1.764838 -1.112324
v 0.437176 1.718155 -1.193013
v 0.407881 1.655331 -1.263738
v 0.383839 1.578779 -1.321780
v 0.365974 1.491441 -1.364909
v 0.354974 1.396675 -1.391468
v 0.351259 1.298120 -1.400436
v 0.354974 1.199566 -1.391468
v 0.365974 1.104800 -1.364909
v 0.383839 1.017462 -1.321780
v 0.407881 0.940910 -1.263738
v 0.437176 0.878086 -1.193013
v 0.470599 0.831403 -1.112324
v 0.506864 0.802656 -1.024771
v 0.525353 1.793585 -1.030379
v 0.506864 1.764838 -1.123325
v 0.489826 1.718155 -1.208984
v 0.474891 1.655331 -1.284065
v 0.462635 1.578779 -1.345682
v 0.453527 1.491441 -1.391468
v 0.447919 1.396675 -1.419663
v 0.446026 1.298120 -1.429183
v 0.447919 1.199566 -1.419663
v 0.453527 1.104800 -1.391468
v 0.462635 1.017462 -1.345682
v 0.474891 0.940910 -1.284065
v 0.489826 0.878086 -1.208984
v 0.506864 0.831403 -1.123325
v 0.525353 0.802656 -1.030379
v 0.544579 1.793585 -1.032273
v 0.544580 1.764838 -1.127039
v 0.544580 1.655331 -1.290929
v 0.544580 1.491441 -1.400436
v 0.544580 1.104800 -1.400436
v 0.544580 0.940910 -1.290929
v 0.544580 0.878086 -1.214377
v 0.544580 0.831403 -1.127039
v 0.544579 0.802656 -1.032273
vn 0.0286 -0.9565 -0.2902
vn 0.0975 0.0975 -0.9904
vn 0.0097 0.9951 -0.0980
vn 0.0097 -0.9951 -0.0980
vn 0.0975 -0.0975 -0.9904
vn 0.0286 0.9565 -0.2902
vn 0.0938 -0.2890 -0.9527
vn 0.0464 0.8810 -0.4709
vn 0.0865 -0.4696 -0.8786
vn 0.0624 0.7715 -0.6332
vn 0.0759 -0.6326 -0.7708
vn 0.0759 0.6326 -0.7708
vn 0.0624 -0.7715 -0.6332
vn 0.0865 0.4696 -0.8786
vn 0.0464 -0.8810 -0.4709
vn 0.0938 0.2890 -0.9527
vn 0.2563 0.4696 -0.8448
vn 0.1374 -0.8810 -0.4528
vn 0.2779 0.2890 -0.9161
vn 0.0846 -0.9565 -0.2790
vn 0.2889 0.0976 -0.9524
vn 0.0286 0.9951 -0.0942
vn 0.0286 -0.9951 -0.0942
vn 0.2889 -0.0976 -0.9524
vn 0.0846 0.9565 -0.2790
vn 0.2779 -0.2890 -0.9161
vn 0.1374 0.8810 -0.4528
vn 0.2563 -0.4696 -0.8448
vn 0.1847 0.7715 -0.6088
vn 0.2248 -0.6326 -0.7412
vn 0.2248 0.6326 -0.7412
vn 0.1847 -0.7715 -0.6088
vn 0.4513 -0.2890 -0.8443
vn 0.2230 0.8810 -0.4173
vn 0.4162 -0.4696 -0.7786
vn 0.2999 0.7715 -0.5611
vn 0.3651 -0.6326 -0.6831
vn 0.3651 0.6326 -0.6831
vn 0.2999 -0.7715 -0.5611
vn 0.4162 0.4696 -0.7786
vn 0.2230 -0.8810 -0.4173
vn 0.4513 0.2890 -0.8443
vn 0.1374 -0.9565 -0.2571
vn 0.4691 0.0975 -0.8777
vn 0.0464 0.9951 -0.0869
vn 0.0464 -0.9951 -0.0869
vn 0.4691 -0.0975 -0.8777
vn 0.1374 0.9565 -0.2571
vn 0.3002 -0.8810 -0.3658
vn 0.6073 0.2890 -0.7400
vn 0.1850 -0.9565 -0.2254
vn 0.6314 0.0975 -0.7693
vn 0.0625 0.9951 -0.0761
vn 0.0625 -0.9951 -0.0761
vn 0.6314 -0.0975 -0.7693
vn 0.1850 0.9565 -0.2254
vn 0.6073 -0.2890 -0.7400
vn 0.3002 0.8810 -0.3658
vn 0.5601 -0.4696 -0.6825
vn 0.4036 0.7715 -0.4918
vn 0.4913 -0.6326 -0.5987
vn 0.4913 0.6326 -0.5987
vn 0.4036 -0.7715 -0.4918
vn 0.5601 0.4696 -0.6825
vn 0.6825 -0.4696 -0.5601
vn 0.4918 0.7715 -0.4036
vn 0.5987 -0.6326 -0.4913
vn 0.5987 0.6326 -0.4913
vn 0.4918 -0.7715 -0.4036
vn 0.6825 0.4696 -0.5601
vn 0.3658 -0.8810 -0.3002
vn 0.7400 0.2890 -0.6073
vn 0.2254 -0.9565 -0.1850
vn 0.7693 0.0975 -0.6314
vn 0.0761 0.9951 -0.0625
vn 0.0761 -0.9951 -0.0625
vn 0.7693 -0.0975 -0.6314
vn 0.2254 0.9565 -0.1850
vn 0.7400 -0.2890 -0.6073
vn 0.3658 0.8810 -0.3002
vn 0.2571 -0.9565 -0.1374
vn 0.8777 0.0975 -0.4691
vn 0.0869 0.9951 -0.0464
vn 0.0869 -0.9951 -0.0464
vn 0.8777 -0.0975 -0.4691
vn 0.2571 0.9565 -0.1374
vn 0.8443 -0.2890 -0.4513
vn 0.4173 0.8810 -0.2230
vn 0.7786 -0.4696 -0.4162
vn 0.5611 0.7715 -0.2999
vn 0.6831 -0.6326 -0.3651
vn 0.6831 0.6326 -0.3651
vn 0.5611 -0.7715 -0.2999
vn 0.7786 0.4696 -0.4162
vn 0.4173 -0.8810 -0.2230
vn 0.8443 0.2890 -0.4513
vn 0.6088 0.7715 -0.1847
vn 0.7412 -0.6326 -0.2248
vn 0.7412 0.6326 -0.2248
vn 0.6088 -0.7715 -0.1847
vn 0.8448 0.4696 -0.2563
vn 0.4528 -0.8810 -0.1374
vn 0.9161 0.2890 -0.2779
vn 0.2790 -0.9565 -0.0846
vn 0.9524 0.0975 -0.2889
vn 0.0942 0.9951 -0.0286
vn 0.0942 -0.9951 -0.0286
vn 0.9524 -0.0975 -0.2889
vn 0.2790 0.9565 -0.0846
vn 0.9161 -0.2890 -0.2779
vn 0.4528 0.8810 -0.1374
vn 0.8448 -0.4696 -0.2563
vn 0.9904 0.0975 -0.0975
vn 0.0980 0.9951 -0.0097
vn 0.0980 -0.9951 -0.0097
vn 0.9904 -0.0975 -0.0975
vn 0.2902 0.9565 -0.0286
vn 0.9527 -0.2890 -0.0938
vn 0.4709 0.8810 -0.0464
vn 0.8786 -0.4696 -0.0865
vn 0.6332 0.7715 -0.0624
vn 0.7708 -0.6326 -0.0759
vn 0.7708 0.6326 -0.0759
vn 0.6332 -0.7715 -0.0624
vn 0.8786 0.4696 -0.0865
vn 0.4709 -0.8810 -0.0464
vn 0.9527 0.2890 -0.0938
vn 0.2902 -0.9565 -0.0286
vn 0.7708 -0.6326 0.0759
vn 0.7708 0.6326 0.0759
vn 0.6332 -0.7715 0.0624
vn 0.8786 0.4696 0.0865
vn 0.4709 -0.8810 0.0464
vn 0.9527 0.2890 0.0938
vn 0.2902 -0.9565 0.0286
vn 0.9904 0.0975 0.0976
vn 0.0980 0.9951 0.0097
vn 0.0980 -0.9951 0.0097
vn 0.9904 -0.0975 0.0976
vn 0.2902 0.9565 0.0286
vn 0.9527 -0.2890 0.0938
vn 0.4709 0.8810 0.0464
vn 0.8786 -0.4696 0.0865
vn 0.6332 0.7715 0.0624
vn 0.0942 0.9951 0.0286
vn 0.0942 -0.9951 0.0286
vn 0.9524 -0.0975 0.2889
vn 0.2790 0.9565 0.0846
vn 0.9161 -0.2890 0.2779
vn 0.4528 0.8810 0.1374
vn 0.8448 -0.4696 0.2563
vn 0.6088 0.7715 0.1847
vn 0.7412 -0.6326 0.2248
vn 0.7412 0.6326 0.2248
vn 0.6088 -0.7715 0.1847
vn 0.8448 0.4696 0.2563
vn 0.4528 -0.8810 0.1374
vn 0.9161 0.2890 0.2779
vn 0.2790 -0.9565 0.0846
vn 0.9524 0.0975 0.2889
vn 0.6831 0.6326 0.3651
vn 0.5611 -0.7715 0.2999
vn 0.7786 0.4696 0.4162
vn 0.4173 -0.8810 0.2230
vn 0.8443 0.2890 0.4513
vn 0.2571 -0.9565 0.1374
vn 0.8777 0.0975 0.4691
vn 0.0869 0.9951 0.0464
vn 0.0869 -0.9951 0.0464
vn 0.8777 -0.0975 0.4691
vn 0.2571 0.9565 0.1374
vn 0.8443 -0.2890 0.4513
vn 0.4173 0.8810 0.2230
vn 0.7786 -0.4696 0.4162
vn 0.5611 0.7715 0.2999
vn 0.6831 -0.6326 0.3651
vn 0.7693 -0.0975 0.6314
vn 0.2254 0.9565 0.1850
vn 0.7400 -0.2890 0.6073
vn 0.3658 0.8810 0.3002
vn 0.6825 -0.4696 0.5601
vn 0.4918 0.7715 0.4036
vn 0.5987 -0.6326 0.4913
vn 0.5987 0.6326 0.4913
vn 0.4918 -0.7715 0.4036
vn 0.6825 0.4696 0.5601
vn 0.3658 -0.8810 0.3002
vn 0.7400 0.2890 0.6073
vn 0.2254 -0.9565 0.1850
vn 0.7693 0.0975 0.6314
vn 0.0761 0.9951 0.0625
vn 0.0761 -0.9951 0.0625
vn 0.4036 -0.7715 0.4918
vn 0.5601 0.4696 0.6825
vn 0.3002 -0.8810 0.3658
vn 0.6073 0.2890 0.7400
vn 0.1850 -0.9565 0.2254
vn 0.6314 0.0975 0.7693
vn 0.0625 0.9951 0.0761
vn 0.0625 -0.9951 0.0761
vn 0.6314 -0.0975 0.7693
vn 0.1850 0.9565 0.2254
vn 0.6073 -0.2890 0.7400
vn 0.3002 0.8810 0.3658
vn 0.5601 -0.4696 0.6825
vn 0.4036 0.7715 0.4918
vn 0.4913 -0.6326 0.5987
vn 0.4913 0.6326 0.5987
vn 0.4513 -0.2890 0.8443
vn 0.2230 0.8810 0.4173
vn 0.4162 -0.4696 0.7786
vn 0.2999 0.7715 0.5611
vn 0.3651 -0.6326 0.6831
vn 0.3651 0.6326 0.6831
vn 0.2999 -0.7715 0.5611
vn 0.4162 0.4696 0.7786
vn 0.2230 -0.8810 0.4173
vn 0.4513 0.2890 0.8443
vn 0.1374 -0.9565 0.2571
vn 0.4691 0.0975 0.8777
vn 0.0464 0.9951 0.0869
vn 0.0464 -0.9951 0.0869
vn 0.4691 -0.0975 0.8777
vn 0.1374 0.9565 0.2571
vn 0.1374 -0.8810 0.4528
vn 0.2779 0.2890 0.9161
vn 0.0846 -0.9565 0.2790
vn 0.2889 0.0975 0.9524
vn 0.0286 0.9951 0.0942
vn 0.0286 -0.9951 0.0942
vn 0.2889 -0.0975 0.9524
vn 0.0846 0.9565 0.2790
vn 0.2779 -0.2890 0.9161
vn 0.1374 0.8810 0.4528
vn 0.2563 -0.4696 0.8448
vn 0.1847 0.7715 0.6088
vn 0.2248 -0.6326 0.7412
vn 0.2248 0.6326 0.7412
vn 0.1847 -0.7715 0.6088
vn 0.2563 0.4696 0.8448
vn 0.0464 0.8810 0.4709
vn 0.0865 -0.4696 0.8786
vn 0.0624 0.7715 0.6332
vn 0.0759 -0.6326 0.7708
vn 0.0759 0.6326 0.7708
vn 0.0624 -0.7715 0.6332
vn 0.0865 0.4696 0.8786
vn 0.0464 -0.8810 0.4709
vn 0.0938 0.2890 0.9527
vn 0.0286 -0.9565 0.2902
vn 0.0975 0.0975 0.9904
vn 0.0097 0.9951 0.0980
vn 0.0097 -0.9951 0.0980
vn 0.0975 -0.0975 0.9904
vn 0.0286 0.9565 0.2902
vn 0.0938 -0.2890 0.9527
vn -0.0938 0.2890 0.9527
vn -0.0286 -0.9565 0.2902
vn -0.0976 0.0975 0.9904
vn -0.0097 0.9951 0.0980
vn -0.0097 -0.9951 0.0980
vn -0.0976 -0.0975 0.9904
vn -0.0286 0.9565 0.2902
vn -0.0938 -0.2890 0.9527
vn -0.0464 0.8810 0.4709
vn -0.0865 -0.4696 0.8786
vn -0.0624 0.7715 0.6332
vn -0.0759 -0.6326 0.7708
vn -0.0759 0.6326 0.7708
vn -0.0624 -0.7715 0.6332
vn -0.0865 0.4696 0.8786
vn -0.0464 -0.8810 0.4709
vn -0.2563 -0.4696 0.8448
vn -0.1847 0.7715 0.6088
vn -0.2248 -0.6326 0.7412
vn -0.2248 0.6326 0.7412
vn -0.1847 -0.7715 0.6088
vn -0.2563 0.4696 0.8448
vn -0.1374 -0.8810 0.4528
vn -0.2779 0.2890 0.9161
vn -0.0846 -0.9565 0.2790
vn -0.2889 0.0975 0.9524
vn -0.0286 0.9951 0.0942
vn -0.0286 -0.9951 0.0942
vn -0.2889 -0.0975 0.9524
vn -0.0846 0.9565 0.2790
vn -0.2779 -0.2890 0.9161
vn -0.1374 0.8810 0.4528
vn -0.1374 -0.9565 0.2571
vn -0.4691 0.0975 0.8777
vn -0.0464 0.9951 0.0869
vn -0.0464 -0.9951 0.0869
vn -0.4691 -0.0975 0.8777
vn -0.1374 0.9565 0.2571
vn -0.4513 -0.2890 0.8443
vn -0.2230 0.8810 0.4173
vn -0.4162 -0.4696 0.7786
vn -0.2999 0.7715 0.5611
vn -0.3651 -0.6326 0.6831
vn -0.3651 0.6326 0.6831
vn -0.2999 -0.7715 0.5611
vn -0.4162 0.4696 0.7786
vn -0.2230 -0.8810 0.4173
vn -0.4513 0.2890 0.8443
vn -0.4036 0.7715 0.4918
vn -0.4913 -0.6326 0.5987
vn -0.4913 0.6326 0.5987
vn -0.4036 -0.7715 0.4918
vn -0.5601 0.4696 0.6825
vn -0.3002 -0.8810 0.3658
vn -0.6073 0.2890 0.7400
vn -0.1850 -0.9565 0.2254
vn -0.6314 0.0975 0.7693
vn -0.0625 0.9951 0.0761
vn -0.0625 -0.9951 0.0761
vn -0.6314 -0.0975 0.7693
vn -0.1850 0.9565 0.2254
vn -0.6073 -0.2890 0.7400
vn -0.3002 0.8810 0.3658
vn -0.5601 -0.4696 0.6825
vn -0.7693 0.0975 0.6314
vn -0.0761 0.9951 0.0625
vn -0.0761 -0.9951 0.0625
vn -0.7693 -0.0975 0.6314
vn -0.2254 0.9565 0.1850
vn -0.7400 -0.2890 0.6073
vn -0.3658 0.8810 0.3002
vn -0.6825 -0.4696 0.5601
vn -0.4918 0.7715 0.4036
vn -0.5987 -0.6326 0.4913
vn -0.5987 0.6326 0.4913
vn -0.4918 -0.7715 0.4036
vn -0.6825 0.4696 0.5601
vn -0.3658 -0.8810 0.3002
vn -0.7400 0.2890 0.6073
vn -0.2254 -0.9565 0.1850
vn -0.6831 -0.6326 0.3651
vn -0.6831 0.6326 0.3651
vn -0.5611 -0.7715 0.2999
vn -0.7786 0.4696 0.4162
vn -0.4173 -0.8810 0.2230
vn -0.8443 0.2890 0.4513
vn -0.2571 -0.9565 0.1374
vn -0.8777 0.0975 0.4691
vn -0.0869 0.9951 0.0464
vn -0.0869 -0.9951 0.0464
vn -0.8777 -0.0975 0.4691
vn -0.2571 0.9565 0.1374
vn -0.8443 -0.2890 0.4513
vn -0.4173 0.8810 0.2230
vn -0.7786 -0.4696 0.4162
vn -0.5611 0.7715 0.2999
vn -0.0942 -0.9951 0.0286
vn -0.9524 -0.0975 0.2889
vn -0.2790 0.9565 0.0846
vn -0.9161 -0.2890 0.2779
vn -0.4528 0.8810 0.1374
vn -0.8448 -0.4696 0.2563
vn -0.6088 0.7715 0.1847
vn -0.7412 -0.6326 0.2248
vn -0.7412 0.6326 0.2248
vn -0.6088 -0.7715 0.1847
vn -0.8448 0.4696 0.2563
vn -0.4528 -0.8810 0.1374
vn -0.9161 0.2890 0.2779
vn -0.2790 -0.9565 0.0846
vn -0.9524 0.0975 0.2889
vn -0.0942 0.9951 0.0286
vn -0.6332 -0.7715 0.0624
vn -0.8786 0.4696 0.0865
vn -0.4709 -0.8810 0.0464
vn -0.9527 0.2890 0.0938
vn -0.2902 -0.9565 0.0286
vn -0.9904 0.0975 0.0975
vn -0.0980 0.9951 0.0097
vn -0.0980 -0.9951 0.0097
vn -0.9904 -0.0975 0.0975
vn -0.2902 0.9565 0.0286
vn -0.9527 -0.2890 0.0938
vn -0.4709 0.8810 0.0464
vn -0.8786 -0.4696 0.0865
vn -0.6332 0.7715 0.0624
vn -0.7708 -0.6326 0.0759
vn -0.7708 0.6326 0.0759
vn -0.2902 0.9565 -0.0286
vn -0.9527 -0.2890 -0.0938
vn -0.4709 0.8810 -0.0464
vn -0.8786 -0.4696 -0.0865
vn -0.6332 0.7715 -0.0624
vn -0.7708 -0.6326 -0.0759
vn -0.7708 0.6326 -0.0759
vn -0.6332 -0.7715 -0.0624
vn -0.8786 0.4696 -0.0865
vn -0.4709 -0.8810 -0.0464
vn -0.9527 0.2890 -0.0938
vn -0.2902 -0.9565 -0.0286
vn -0.9904 0.0975 -0.0976
vn -0.0980 0.9951 -0.0097
vn -0.0980 -0.9951 -0.0097
vn -0.9904 -0.0975 -0.0976
vn -0.8448 0.4696 -0.2563
vn -0.4528 -0.8810 -0.1374
vn -0.9161 0.2890 -0.2779
vn -0.2790 -0.9565 -0.0846
vn -0.9524 0.0975 -0.2889
vn -0.0942 0.9951 -0.0286
vn -0.0942 -0.9951 -0.0286
vn -0.9524 -0.0975 -0.2889
vn -0.2790 0.9565 -0.0846
vn -0.9161 -0.2890 -0.2779
vn -0.4528 0.8810 -0.1374
vn -0.8448 -0.4696 -0.2563
vn -0.6088 0.7715 -0.1847
vn -0.7412 -0.6326 -0.2248
vn -0.7412 0.6326 -0.2248
vn -0.6088 -0.7715 -0.1847
vn -0.8443 -0.2890 -0.4513
vn -0.4173 0.8810 -0.2231
vn -0.7786 -0.4696 -0.4162
vn -0.5611 0.7715 -0.2999
vn -0.6831 -0.6326 -0.3651
vn -0.6831 0.6326 -0.3651
vn -0.5611 -0.7715 -0.2999
vn -0.7786 0.4696 -0.4162
vn -0.4173 -0.8810 -0.2231
vn -0.8443 0.2890 -0.4513
vn -0.2571 -0.9565 -0.1374
vn -0.8777 0.0975 -0.4691
vn -0.0869 0.9951 -0.0464
vn -0.0869 -0.9951 -0.0464
vn -0.8777 -0.0975 -0.4691
vn -0.2571 0.9565 -0.1374
vn -0.3658 -0.8810 -0.3002
vn -0.7400 0.2890 -0.6073
vn -0.2254 -0.9565 -0.1850
vn -0.7693 0.0975 -0.6314
vn -0.0761 0.9951 -0.0625
vn -0.0761 -0.9951 -0.0625
vn -0.7693 -0.0975 -0.6314
vn -0.2254 0.9565 -0.1850
vn -0.7400 -0.2890 -0.6073
vn -0.3658 0.8810 -0.3002
vn -0.6825 -0.4696 -0.5601
vn -0.4918 0.7715 -0.4036
vn -0.5987 -0.6326 -0.4913
vn -0.5987 0.6326 -0.4913
vn -0.4918 -0.7715 -0.4036
vn -0.6825 0.4696 -0.5601
vn -0.3002 0.8810 -0.3658
vn -0.5601 -0.4696 -0.6825
vn -0.4036 0.7715 -0.4918
vn -0.4913 -0.6326 -0.5987
vn -0.4913 0.6326 -0.5987
vn -0.4036 -0.7715 -0.4918
vn -0.5601 0.4696 -0.6825
vn -0.3002 -0.8810 -0.3658
vn -0.6073 0.2890 -0.7400
vn -0.1850 -0.9565 -0.2254
vn -0.6314 0.0975 -0.7693
vn -0.0625 0.9951 -0.0761
vn -0.0625 -0.9951 -0.0761
vn -0.6314 -0.0975 -0.7693
vn -0.1850 0.9565 -0.2254
vn -0.6073 -0.2890 -0.7400
vn -0.4513 0.2890 -0.8443
vn -0.1374 -0.9565 -0.2571
vn -0.4691 0.0975 -0.8777
vn -0.0464 0.9951 -0.0869
vn -0.0464 -0.9951 -0.0869
vn -0.4691 -0.0975 -0.8777
vn -0.1374 0.9565 -0.2571
vn -0.4513 -0.2890 -0.8443
vn -0.2230 0.8810 -0.4173
vn -0.4162 -0.4696 -0.7786
vn -0.2999 0.7715 -0.5611
vn -0.3651 -0.6326 -0.6831
vn -0.3651 0.6326 -0.6831
vn -0.2999 -0.7715 -0.5611
vn -0.4162 0.4696 -0.7786
vn -0.2230 -0.8810 -0.4173
vn -0.2563 -0.4696 -0.8448
vn -0.1847 0.7715 -0.6088
vn -0.2248 -0.6326 -0.7412
vn -0.2248 0.6326 -0.7412
vn -0.1847 -0.7715 -0.6088
vn -0.2563 0.4696 -0.8448
vn -0.1374 -0.8810 -0.4528
vn -0.2779 0.2890 -0.9161
vn -0.0846 -0.9565 -0.2790
vn -0.2889 0.0975 -0.9524
vn -0.0286 0.9951 -0.0942
vn -0.0286 -0.9951 -0.0942
vn -0.2889 -0.0975 -0.9524
vn -0.0846 0.9565 -0.2790
vn -0.2779 -0.2890 -0.9161
vn -0.1374 0.8810 -0.4528
vn -0.0286 -0.9565 -0.2902
vn -0.0976 0.0975 -0.9904
vn -0.0097 0.9951 -0.0980
vn -0.0097 -0.9951 -0.0980
vn -0.0976 -0.0975 -0.9904
vn -0.0286 0.9565 -0.2902
vn -0.0938 -0.2890 -0.9527
vn -0.0464 0.8810 -0.4709
vn -0.0865 -0.4696 -0.8786
vn -0.0624 0.7715 -0.6332
vn -0.0759 -0.6326 -0.7708
vn -0.0759 0.6326 -0.7708
vn -0.0624 -0.7715 -0.6332
vn -0.0865 0.4696 -0.8786
vn -0.0464 -0.8810 -0.4709
vn -0.0938 0.2890 -0.9527
vt 0.750000 0.812500
vt 0.750000 0.687500
vt 0.750000 0.562500
vt 0.750000 0.500000
vt 0.750000 0.437500
vt 0.750000 0.312500
vt 0.718750 0.937500
vt 0.718750 0.875000
vt 0.718750 0.812500
vt 0.718750 0.750000
vt 0.718750 0.687500
vt 0.718750 0.625000
vt 0.718750 0.562500
vt 0.718750 0.500000
vt 0.718750 0.437500
vt 0.718750 0.375000
vt 0.718750 0.312500
vt 0.718750 0.250000
vt 0.718750 0.187500
vt 0.718750 0.125000
vt 0.718750 0.062500
vt 0.687500 0.937500
vt 0.687500 0.875000
vt 0.687500 0.812500
vt 0.687500 0.750000
vt 0.687500 0.687500
vt 0.687500 0.625000
vt 0.687500 0.562500
vt 0.687500 0.500000
vt 0.687500 0.437500
vt 0.687500 0.375000
vt 0.687500 0.312500
vt 0.687500 0.250000
vt 0.687500 0.187500
vt 0.687500 0.125000
vt 0.687500 0.062500
vt 0.656250 0.937500
vt 0.656250 0.875000
vt 0.656250 0.812500
vt 0.656250 0.750000
vt 0.656250 0.687500
vt 0.656250 0.625000
vt 0.656250 0.562500
vt 0.656250 0.500000
vt 0.656250 0.437500
vt 0.656250 0.375000
vt 0.656250 0.312500
vt 0.656250 0.250000
vt 0.656250 0.187500
vt 0.656250 0.125000
vt 0.656250 0.062500
vt 0.625000 0.937500
vt 0.625000 0.875000
vt 0.625000 0.812500
vt 0.625000 0.750000
vt 0.625000 0.687500
vt 0.625000 0.625000
vt 0.625000 0.562500
vt 0.625000 0.500000
vt 0.625000 0.437500
vt 0.625000 0.375000
vt 0.625000 0.312500
vt 0.625000 0.250000
vt 0.625000 0.187500
vt 0.625000 0.125000
vt 0.625000 0.062500
vt 0.593750 0.937500
vt 0.593750 0.875000
vt 0.593750 0.812500
vt 0.593750 0.750000
vt 0.593750 0.687500
vt 0.593750 0.625000
vt 0.593750 0.562500
vt 0.593750 0.500000
vt 0.593750 0.437500
vt 0.593750 0.375000
vt 0.593750 0.312500
vt 0.593750 0.250000
vt 0.593750 0.187500
vt 0.593750 0.125000
vt 0.593750 0.062500
vt 0.734375 1.000000
vt 0.703125 1.000000
vt 0.671875 1.000000
vt 0.640625 1.000000
vt 0.609375 1.000000
vt 0.578125 1.000000
vt 0.546875 1.000000
vt 0.515625 1.000000
vt 0.484375 1.000000
vt 0.453125 1.000000
vt 0.421875 1.000000
vt 0.390625 1.000000
vt 0.359375 1.000000
vt 0.328125 1.000000
vt 0.296875 1.000000
vt 0.265625 1.000000
vt 0.234375 1.000000
vt 0.203125 1.000000
vt 0.171875 1.000000
vt 0.140625 1.000000
vt 0.109375 1.000000
vt 0.078125 1.000000
vt 0.046875 1.000000
vt 0.015625 1.000000
vt 0.984375 1.000000
vt 0.953125 1.000000
vt 0.921875 1.000000
vt 0.890625 1.000000
vt 0.859375 1.000000
vt 0.828125 1.000000
vt 0.796875 1.000000
vt 0.765625 1.000000
vt 0.562500 0.937500
vt 0.562500 0.875000
vt 0.562500 0.812500
vt 0.562500 0.750000
vt 0.562500 0.687500
vt 0.562500 0.625000
vt 0.562500 0.562500
vt 0.562500 0.500000
vt 0.562500 0.437500
vt 0.562500 0.375000
vt 0.562500 0.312500
vt 0.562500 0.250000
vt 0.562500 0.187500
vt 0.562500 0.125000
vt 0.562500 0.062500
vt 0.531250 0.937500
vt 0.531250 0.875000
vt 0.531250 0.812500
vt 0.531250 0.750000
vt 0.531250 0.687500
vt 0.531250 0.625000
vt 0.531250 0.562500
vt 0.531250 0.500000
vt 0.531250 0.437500
vt 0.531250 0.375000
vt 0.531250 0.312500
vt 0.531250 0.250000
vt 0.531250 0.187500
vt 0.531250 0.125000
vt 0.531250 0.062500
vt 0.500000 0.937500
vt 0.500000 0.875000
vt 0.500000 0.812500
vt 0.500000 0.750000
vt 0.500000 0.687500
vt 0.500000 0.625000
vt 0.500000 0.562500
vt 0.500000 0.500000
vt 0.500000 0.437500
vt 0.500000 0.375000
vt 0.500000 0.312500
vt 0.500000 0.250000
vt 0.500000 0.187500
vt 0.500000 0.125000
vt 0.500000 0.062500
vt 0.468750 0.937500
vt 0.468750 0.875000
vt 0.468750 0.812500
vt 0.468750 0.750000
vt 0.468750 0.687500
vt 0.468750 0.625000
vt 0.468750 0.562500
vt 0.468750 0.500000
vt 0.468750 0.437500
vt 0.468750 0.375000
vt 0.468750 0.312500
vt 0.468750 0.250000
vt 0.468750 0.187500
vt 0.468750 0.125000
vt 0.468750 0.062500
vt 0.437500 0.937500
vt 0.437500 0.875000
vt 0.437500 0.812500
vt 0.437500 0.750000
vt 0.437500 0.687500
vt 0.437500 0.625000
vt 0.437500 0.562500
vt 0.437500 0.500000
vt 0.437500 0.437500
vt 0.437500 0.375000
vt 0.437500 0.312500
vt 0.437500 0.250000
vt 0.437500 0.187500
vt 0.437500 0.125000
vt 0.437500 0.062500
vt 0.406250 0.937500
vt 0.406250 0.875000
vt 0.406250 0.812500
vt 0.406250 0.750000
vt 0.406250 0.687500
vt 0.406250 0.625000
vt 0.406250 0.562500
vt 0.406250 0.500000
vt 0.406250 0.437500
vt 0.406250 0.375000
vt 0.406250 0.312500
vt 0.406250 0.250000
vt 0.406250 0.187500
vt 0.406250 0.125000
vt 0.406250 0.062500
vt 0.375000 0.937500
vt 0.375000 0.875000
vt 0.375000 0.812500
vt 0.375000 0.750000
vt 0.375000 0.687500
vt 0.375000 0.625000
vt 0.375000 0.562500
vt 0.375000 0.500000
vt 0.375000 0.437500
vt 0.375000 0.375000
vt 0.375000 0.312500
vt 0.375000 0.250000
vt 0.375000 0.187500
vt 0.375000 0.125000
vt 0.375000 0.062500
vt 0.343750 0.937500
vt 0.343750 0.875000
vt 0.343750 0.812500
vt 0.343750 0.750000
vt 0.343750 0.687500
vt 0.343750 0.625000
vt 0.343750 0.562500
vt 0.343750 0.500000
vt 0.343750 0.437500
vt 0.343750 0.375000
vt 0.343750 0.312500
vt 0.343750 0.250000
vt 0.343750 0.187500
vt 0.343750 0.125000
vt 0.343750 0.062500
vt 0.312500 0.937500
vt 0.312500 0.875000
vt 0.312500 0.812500
vt 0.312500 0.750000
vt 0.312500 0.687500
vt 0.312500 0.625000
vt 0.312500 0.562500
vt 0.312500 0.500000
vt 0.312500 0.437500
vt 0.312500 0.375000
vt 0.312500 0.312500
vt 0.312500 0.250000
vt 0.312500 0.187500
vt 0.312500 0.125000
vt 0.312500 0.062500
vt 0.281250 0.937500
vt 0.281250 0.875000
vt 0.281250 0.812500
vt 0.281250 0.750000
vt 0.281250 0.687500
vt 0.281250 0.625000
vt 0.281250 0.562500
vt 0.281250 0.500000
vt 0.281250 0.437500
vt 0.281250 0.375000
vt 0.281250 0.312500
vt 0.281250 0.250000
vt 0.281250 0.187500
vt 0.281250 0.125000
vt 0.281250 0.062500
vt 0.250000 0.937500
vt 0.250000 0.875000
vt 0.250000 0.812500
vt 0.250000 0.750000
vt 0.250000 0.687500
vt 0.250000 0.625000
vt 0.250000 0.562500
vt 0.250000 0.500000
vt 0.250000 0.437500
vt 0.250000 0.375000
vt 0.250000 0.312500
vt 0.250000 0.250000
vt 0.250000 0.187500
vt 0.250000 0.125000
vt 0.250000 0.062500
vt 0.218750 0.937500
vt 0.218750 0.875000
vt 0.218750 0.812500
vt 0.218750 0.750000
vt 0.218750 0.687500
vt 0.218750 0.625000
vt 0.218750 0.562500
vt 0.218750 0.500000
vt 0.218750 0.437500
vt 0.218750 0.375000
vt 0.218750 0.312500
vt 0.218750 0.250000
vt 0.218750 0.187500
vt 0.218750 0.125000
vt 0.218750 0.062500
vt 0.187500 0.937500
vt 0.187500 0.875000
vt 0.187500 0.812500
vt 0.187500 0.750000
vt 0.187500 0.687500
vt 0.187500 0.625000
vt 0.187500 0.562500
vt 0.187500 0.500000
vt 0.187500 0.437500
vt 0.187500 0.375000
vt 0.187500 0.312500
vt 0.187500 0.250000
vt 0.187500 0.187500
vt 0.187500 0.125000
vt 0.187500 0.062500
vt 0.156250 0.937500
vt 0.156250 0.875000
vt 0.156250 0.812500
vt 0.156250 0.750000
vt 0.156250 0.687500
vt 0.156250 0.625000
vt 0.156250 0.562500
vt 0.156250 0.500000
vt 0.156250 0.437500
vt 0.156250 0.375000
vt 0.156250 0.312500
vt 0.156250 0.250000
vt 0.156250 0.187500
vt 0.156250 0.125000
vt 0.156250 0.062500
vt 0.125000 0.937500
vt 0.125000 0.875000
vt 0.125000 0.812500
vt 0.125000 0.750000
vt 0.125000 0.687500
vt 0.125000 0.625000
vt 0.125000 0.562500
vt 0.125000 0.500000
vt 0.125000 0.437500
vt 0.125000 0.375000
vt 0.125000 0.312500
vt 0.125000 0.250000
vt 0.125000 0.187500
vt 0.125000 0.125000
vt 0.125000 0.062500
vt 0.734375 0.000000
vt 0.703125 0.000000
vt 0.671875 0.000000
vt 0.640625 0.000000
vt 0.609375 0.000000
vt 0.578125 0.000000
vt 0.546875 0.000000
vt 0.515625 0.000000
vt 0.484375 0.000000
vt 0.453125 0.000000
vt 0.421875 0.000000
vt 0.390625 0.000000
vt 0.359375 0.000000
vt 0.328125 0.000000
vt 0.296875 0.000000
vt 0.265625 0.000000
vt 0.234375 0.000000
vt 0.203125 0.000000
vt 0.171875 0.000000
vt 0.140625 0.000000
vt 0.109375 0.000000
vt 0.078125 0.000000
vt 0.046875 0.000000
vt 0.015625 0.000000
vt 0.984375 0.000000
vt 0.953125 0.000000
vt 0.921875 0.000000
vt 0.890625 0.000000
vt 0.859375 0.000000
vt 0.828125 0.000000
vt 0.796875 0.000000
vt 0.765625 0.000000
vt 0.093750 0.937500
vt 0.093750 0.875000
vt 0.093750 0.812500
vt 0.093750 0.750000
vt 0.093750 0.687500
vt 0.093750 0.625000
vt 0.093750 0.562500
vt 0.093750 0.500000
vt 0.093750 0.437500
vt 0.093750 0.375000
vt 0.093750 0.312500
vt 0.093750 0.250000
vt 0.093750 0.187500
vt 0.093750 0.125000
vt 0.093750 0.062500
vt 0.062500 0.937500
vt 0.062500 0.875000
vt 0.062500 0.812500
vt 0.062500 0.750000
vt 0.062500 0.687500
vt 0.062500 0.625000
vt 0.062500 0.562500
vt 0.062500 0.500000
vt 0.062500 0.437500
vt 0.062500 0.375000
vt 0.062500 0.312500
vt 0.062500 0.250000
vt 0.062500 0.187500
vt 0.062500 0.125000
vt 0.062500 0.062500
vt 0.031250 0.937500
vt 0.031250 0.875000
vt 0.031250 0.812500
vt 0.031250 0.750000
vt 0.031250 0.687500
vt 0.031250 0.625000
vt 0.031250 0.562500
vt 0.031250 0.500000
vt 0.031250 0.437500
vt 0.031250 0.375000
vt 0.031250 0.312500
vt 0.031250 0.250000
vt 0.031250 0.187500
vt 0.031250 0.125000
vt 0.031250 0.062500
vt 0.000000 0.937500
vt 1.000000 0.937500
vt 0.000000 0.875000
vt 1.000000 0.875000
vt 0.000000 0.812500
vt 1.000000 0.812500
vt 0.000000 0.750000
vt 1.000000 0.750000
vt 0.000000 0.687500
vt 1.000000 0.687500
vt 0.000000 0.625000
vt 1.000000 0.625000
vt 0.000000 0.562500
vt 1.000000 0.562500
vt 0.000000 0.500000
vt 1.000000 0.500000
vt 0.000000 0.437500
vt 1.000000 0.437500
vt 0.000000 0.375000
vt 1.000000 0.375000
vt 0.000000 0.312500
vt 1.000000 0.312500
vt 0.000000 0.250000
vt 1.000000 0.250000
vt 0.000000 0.187500
vt 1.000000 0.187500
vt 0.000000 0.125000
vt 1.000000 0.125000
vt 0.000000 0.062500
vt 1.000000 0.062500
vt 0.968750 0.937500
vt 0.968750 0.875000
vt 0.968750 0.812500
vt 0.968750 0.750000
vt 0.968750 0.687500
vt 0.968750 0.625000
vt 0.968750 0.562500
vt 0.968750 0.500000
vt 0.968750 0.437500
vt 0.968750 0.375000
vt 0.968750 0.312500
vt 0.968750 0.250000
vt 0.968750 0.187500
vt 0.968750 0.125000
vt 0.968750 0.062500
vt 0.937500 0.937500
vt 0.937500 0.875000
vt 0.937500 0.812500
vt 0.937500 0.750000
vt 0.937500 0.687500
vt 0.937500 0.625000
vt 0.937500 0.562500
vt 0.937500 0.500000
vt 0.937500 0.437500
vt 0.937500 0.375000
vt 0.937500 0.312500
vt 0.937500 0.250000
vt 0.937500 0.187500
vt 0.937500 0.125000
vt 0.937500 0.062500
vt 0.906250 0.937500
vt 0.906250 0.875000
vt 0.906250 0.812500
vt 0.906250 0.750000
vt 0.906250 0.687500
vt 0.906250 0.625000
vt 0.906250 0.562500
vt 0.906250 0.500000
vt 0.906250 0.437500
vt 0.906250 0.375000
vt 0.906250 0.312500
vt 0.906250 0.250000
vt 0.906250 0.187500
vt 0.906250 0.125000
vt 0.906250 0.062500
vt 0.875000 0.937500
vt 0.875000 0.875000
vt 0.875000 0.812500
vt 0.875000 0.750000
vt 0.875000 0.687500
vt 0.875000 0.625000
vt 0.875000 0.562500
vt 0.875000 0.500000
vt 0.875000 0.437500
vt 0.875000 0.375000
vt 0.875000 0.312500
vt 0.875000 0.250000
vt 0.875000 0.187500
vt 0.875000 0.125000
vt 0.875000 0.062500
vt 0.843750 0.937500
vt 0.843750 0.875000
vt 0.843750 0.812500
vt 0.843750 0.750000
vt 0.843750 0.687500
vt 0.843750 0.625000
vt 0.843750 0.562500
vt 0.843750 0.500000
vt 0.843750 0.437500
vt 0.843750 0.375000
vt 0.843750 0.312500
vt 0.843750 0.250000
vt 0.843750 0.187500
vt 0.843750 0.125000
vt 0.843750 0.062500
vt 0.812500 0.937500
vt 0.812500 0.875000
vt 0.812500 0.812500
vt 0.812500 0.750000
vt 0.812500 0.687500
vt 0.812500 0.625000
vt 0.812500 0.562500
vt 0.812500 0.500000
vt 0.812500 0.437500
vt 0.812500 0.375000
vt 0.812500 0.312500
vt 0.812500 0.250000
vt 0.812500 0.187500
vt 0.812500 0.125000
vt 0.812500 0.062500
vt 0.781250 0.937500
vt 0.781250 0.875000
vt 0.781250 0.812500
vt 0.781250 0.750000
vt 0.781250 0.687500
vt 0.781250 0.625000
vt 0.781250 0.562500
vt 0.781250 0.500000
vt 0.781250 0.437500
vt 0.781250 0.375000
vt 0.781250 0.312500
vt 0.781250 0.250000
vt 0.781250 0.187500
vt 0.781250 0.125000
vt 0.781250 0.062500
vt 0.750000 0.937500
vt 0.750000 0.875000
vt 0.750000 0.750000
vt 0.750000 0.625000
vt 0.750000 0.375000
vt 0.750000 0.250000
vt 0.750000 0.187500
vt 0.750000 0.125000
vt 0.750000 0.062500
s 0
usemtl Material.004
f 976/1130/518 975/1129/518 514/591/518 515/592/518
f 498/575/519 497/574/519 507/584/519 508/585/519
f 968/1122/520 576/653/520 501/578/520
f 802/910/521 976/1130/521 515/592/521
f 499/576/522 498/575/522 508/585/522 509/586/522
f 969/1123/523 968/1122/523 501/578/523 502/579/523
f 972/1126/524 499/576/524 509/586/524 510/587/524
f 495/572/525 969/1123/525 502/579/525 503/580/525
f 500/577/526 972/1126/526 510/587/526 511/588/526
f 970/1124/527 495/572/527 503/580/527 504/581/527
f 973/1127/528 500/577/528 511/588/528 512/589/528
f 496/573/529 970/1124/529 504/581/529 505/582/529
f 974/1128/530 973/1127/530 512/589/530 513/590/530
f 971/1125/531 496/573/531 505/582/531 506/583/531
f 975/1129/532 974/1128/532 513/590/532 514/591/532
f 497/574/533 971/1125/533 506/583/533 507/584/533
f 506/583/534 505/582/534 520/597/534 521/598/534
f 514/591/535 513/590/535 528/605/535 529/606/535
f 507/584/536 506/583/536 521/598/536 522/599/536
f 515/592/537 514/591/537 529/606/537 530/607/537
f 508/585/538 507/584/538 522/599/538 523/600/538
f 501/578/539 576/654/539 516/593/539
f 802/911/540 515/592/540 530/607/540
f 509/586/541 508/585/541 523/600/541 524/601/541
f 502/579/542 501/578/542 516/593/542 517/594/542
f 510/587/543 509/586/543 524/601/543 525/602/543
f 503/580/544 502/579/544 517/594/544 518/595/544
f 511/588/545 510/587/545 525/602/545 526/603/545
f 504/581/546 503/580/546 518/595/546 519/596/546
f 512/589/547 511/588/547 526/603/547 527/604/547
f 505/582/548 504/581/548 519/596/548 520/597/548
f 513/590/549 512/589/549 527/604/549 528/605/549
f 525/602/550 524/601/550 539/616/550 540/617/550
f 518/595/551 517/594/551 532/609/551 533/610/551
f 526/603/552 525/602/552 540/617/552 541/618/552
f 519/596/553 518/595/553 533/610/553 534/611/553
f 527/604/554 526/603/554 541/618/554 542/619/554
f 520/597/555 519/596/555 534/611/555 535/612/555
f 528/605/556 527/604/556 542/619/556 543/620/556
f 521/598/557 520/597/557 535/612/557 536/613/557
f 529/606/558 528/605/558 543/620/558 544/621/558
f 522/599/559 521/598/559 536/613/559 537/614/559
f 530/607/560 529/606/560 544/621/560 545/622/560
f 523/600/561 522/599/561 537/614/561 538/615/561
f 516/593/562 576/655/562 531/608/562
f 802/912/563 530/607/563 545/622/563
f 524/601/564 523/600/564 538/615/564 539/616/564
f 517/594/565 516/593/565 531/608/565 532/609/565
f 544/621/566 543/620/566 558/635/566 559/636/566
f 537/614/567 536/613/567 551/628/567 552/629/567
f 545/622/568 544/621/568 559/636/568 560/637/568
f 538/615/569 537/614/569 552/629/569 553/630/569
f 531/608/570 576/656/570 546/623/570
f 802/913/571 545/622/571 560/637/571
f 539/616/572 538/615/572 553/630/572 554/631/572
f 532/609/573 531/608/573 546/623/573 547/624/573
f 540/617/574 539/616/574 554/631/574 555/632/574
f 533/610/575 532/609/575 547/624/575 548/625/575
f 541/618/576 540/617/576 555/632/576 556/633/576
f 534/611/577 533/610/577 548/625/577 549/626/577
f 542/619/578 541/618/578 556/633/578 557/634/578
f 535/612/579 534/611/579 549/626/579 550/627/579
f 543/620/580 542/619/580 557/634/580 558/635/580
f 536/613/581 535/612/581 550/627/581 551/628/581
f 556/633/582 555/632/582 570/647/582 571/648/582
f 549/626/583 548/625/583 563/640/583 564/641/583
f 557/634/584 556/633/584 571/648/584 572/649/584
f 550/627/585 549/626/585 564/641/585 565/642/585
f 558/635/586 557/634/586 572/649/586 573/650/586
f 551/628/587 550/627/587 565/642/587 566/643/587
f 559/636/588 558/635/588 573/650/588 574/651/588
f 552/629/589 551/628/589 566/643/589 567/644/589
f 560/637/590 559/636/590 574/651/590 575/652/590
f 553/630/591 552/629/591 567/644/591 568/645/591
f 546/623/592 576/657/592 561/638/592
f 802/914/593 560/637/593 575/652/593
f 554/631/594 553/630/594 568/645/594 569/646/594
f 547/624/595 546/623/595 561/638/595 562/639/595
f 555/632/596 554/631/596 569/646/596 570/647/596
f 548/625/597 547/624/597 562/639/597 563/640/597
f 575/652/598 574/651/598 590/698/598 591/699/598
f 568/645/599 567/644/599 583/691/599 584/692/599
f 561/638/600 576/658/600 577/685/600
f 802/915/601 575/652/601 591/699/601
f 569/646/602 568/645/602 584/692/602 585/693/602
f 562/639/603 561/638/603 577/685/603 578/686/603
f 570/647/604 569/646/604 585/693/604 586/694/604
f 563/640/605 562/639/605 578/686/605 579/687/605
f 571/648/606 570/647/606 586/694/606 587/695/606
f 564/641/607 563/640/607 579/687/607 580/688/607
f 572/649/608 571/648/608 587/695/608 588/696/608
f 565/642/609 564/641/609 580/688/609 581/689/609
f 573/650/610 572/649/610 588/696/610 589/697/610
f 566/643/611 565/642/611 581/689/611 582/690/611
f 574/651/612 573/650/612 589/697/612 590/698/612
f 567/644/613 566/643/613 582/690/613 583/691/613
f 580/688/614 579/687/614 594/702/614 595/703/614
f 588/696/615 587/695/615 602/710/615 603/711/615
f 581/689/616 580/688/616 595/703/616 596/704/616
f 589/697/617 588/696/617 603/711/617 604/712/617
f 582/690/618 581/689/618 596/704/618 597/705/618
f 590/698/619 589/697/619 604/712/619 605/713/619
f 583/691/620 582/690/620 597/705/620 598/706/620
f 591/699/621 590/698/621 605/713/621 606/714/621
f 584/692/622 583/691/622 598/706/622 599/707/622
f 577/685/623 576/659/623 592/700/623
f 802/916/624 591/699/624 606/714/624
f 585/693/625 584/692/625 599/707/625 600/708/625
f 578/686/626 577/685/626 592/700/626 593/701/626
f 586/694/627 585/693/627 600/708/627 601/709/627
f 579/687/628 578/686/628 593/701/628 594/702/628
f 587/695/629 586/694/629 601/709/629 602/710/629
f 599/707/630 598/706/630 613/721/630 614/722/630
f 592/700/631 576/660/631 607/715/631
f 802/917/632 606/714/632 621/729/632
f 600/708/633 599/707/633 614/722/633 615/723/633
f 593/701/634 592/700/634 607/715/634 608/716/634
f 601/709/635 600/708/635 615/723/635 616/724/635
f 594/702/636 593/701/636 608/716/636 609/717/636
f 602/710/637 601/709/637 616/724/637 617/725/637
f 595/703/638 594/702/638 609/717/638 610/718/638
f 603/711/639 602/710/639 617/725/639 618/726/639
f 596/704/640 595/703/640 610/718/640 611/719/640
f 604/712/641 603/711/641 618/726/641 619/727/641
f 597/705/642 596/704/642 611/719/642 612/720/642
f 605/713/643 604/712/643 619/727/643 620/728/643
f 598/706/644 597/705/644 612/720/644 613/721/644
f 606/714/645 605/713/645 620/728/645 621/729/645
f 618/726/646 617/725/646 632/740/646 633/741/646
f 611/719/647 610/718/647 625/733/647 626/734/647
f 619/727/648 618/726/648 633/741/648 634/742/648
f 612/720/649 611/719/649 626/734/649 627/735/649
f 620/728/650 619/727/650 634/742/650 635/743/650
f 613/721/651 612/720/651 627/735/651 628/736/651
f 621/729/652 620/728/652 635/743/652 636/744/652
f 614/722/653 613/721/653 628/736/653 629/737/653
f 607/715/654 576/661/654 622/730/654
f 802/918/655 621/729/655 636/744/655
f 615/723/656 614/722/656 629/737/656 630/738/656
f 608/716/657 607/715/657 622/730/657 623/731/657
f 616/724/658 615/723/658 630/738/658 631/739/658
f 609/717/659 608/716/659 623/731/659 624/732/659
f 617/725/660 616/724/660 631/739/660 632/740/660
f 610/718/661 609/717/661 624/732/661 625/733/661
f 622/730/662 576/662/662 637/745/662
f 802/919/663 636/744/663 651/759/663
f 630/738/664 629/737/664 644/752/664 645/753/664
f 623/731/665 622/730/665 637/745/665 638/746/665
f 631/739/666 630/738/666 645/753/666 646/754/666
f 624/732/667 623/731/667 638/746/667 639/747/667
f 632/740/668 631/739/668 646/754/668 647/755/668
f 625/733/669 624/732/669 639/747/669 640/748/669
f 633/741/670 632/740/670 647/755/670 648/756/670
f 626/734/671 625/733/671 640/748/671 641/749/671
f 634/742/672 633/741/672 648/756/672 649/757/672
f 627/735/673 626/734/673 641/749/673 642/750/673
f 635/743/674 634/742/674 649/757/674 650/758/674
f 628/736/675 627/735/675 642/750/675 643/751/675
f 636/744/676 635/743/676 650/758/676 651/759/676
f 629/737/677 628/736/677 643/751/677 644/752/677
f 641/749/678 640/748/678 655/763/678 656/764/678
f 649/757/679 648/756/679 663/771/679 664/772/679
f 642/750/680 641/749/680 656/764/680 657/765/680
f 650/758/681 649/757/681 664/772/681 665/773/681
f 643/751/682 642/750/682 657/765/682 658/766/682
f 651/759/683 650/758/683 665/773/683 666/774/683
f 644/752/684 643/751/684 658/766/684 659/767/684
f 637/745/685 576/663/685 652/760/685
f 802/920/686 651/759/686 666/774/686
f 645/753/687 644/752/687 659/767/687 660/768/687
f 638/746/688 637/745/688 652/760/688 653/761/688
f 646/754/689 645/753/689 660/768/689 661/769/689
f 639/747/690 638/746/690 653/761/690 654/762/690
f 647/755/691 646/754/691 661/769/691 662/770/691
f 640/748/692 639/747/692 654/762/692 655/763/692
f 648/756/693 647/755/693 662/770/693 663/771/693
f 660/768/694 659/767/694 674/782/694 675/783/694
f 653/761/695 652/760/695 667/775/695 668/776/695
f 661/769/696 660/768/696 675/783/696 676/784/696
f 654/762/697 653/761/697 668/776/697 669/777/697
f 662/770/698 661/769/698 676/784/698 677/785/698
f 655/763/699 654/762/699 669/777/699 670/778/699
f 663/771/700 662/770/700 677/785/700 678/786/700
f 656/764/701 655/763/701 670/778/701 671/779/701
f 664/772/702 663/771/702 678/786/702 679/787/702
f 657/765/703 656/764/703 671/779/703 672/780/703
f 665/773/704 664/772/704 679/787/704 680/788/704
f 658/766/705 657/765/705 672/780/705 673/781/705
f 666/774/706 665/773/706 680/788/706 681/789/706
f 659/767/707 658/766/707 673/781/707 674/782/707
f 652/760/708 576/664/708 667/775/708
f 802/921/709 666/774/709 681/789/709
f 679/787/710 678/786/710 693/801/710 694/802/710
f 672/780/711 671/779/711 686/794/711 687/795/711
f 680/788/712 679/787/712 694/802/712 695/803/712
f 673/781/713 672/780/713 687/795/713 688/796/713
f 681/789/714 680/788/714 695/803/714 696/804/714
f 674/782/715 673/781/715 688/796/715 689/797/715
f 667/775/716 576/665/716 682/790/716
f 802/922/717 681/789/717 696/804/717
f 675/783/718 674/782/718 689/797/718 690/798/718
f 668/776/719 667/775/719 682/790/719 683/791/719
f 676/784/720 675/783/720 690/798/720 691/799/720
f 669/777/721 668/776/721 683/791/721 684/792/721
f 677/785/722 676/784/722 691/799/722 692/800/722
f 670/778/723 669/777/723 684/792/723 685/793/723
f 678/786/724 677/785/724 692/800/724 693/801/724
f 671/779/725 670/778/725 685/793/725 686/794/725
f 691/799/726 690/798/726 705/813/726 706/814/726
f 684/792/727 683/791/727 698/806/727 699/807/727
f 692/800/728 691/799/728 706/814/728 707/815/728
f 685/793/729 684/792/729 699/807/729 700/808/729
f 693/801/730 692/800/730 707/815/730 708/816/730
f 686/794/731 685/793/731 700/808/731 701/809/731
f 694/802/732 693/801/732 708/816/732 709/817/732
f 687/795/733 686/794/733 701/809/733 702/810/733
f 695/803/734 694/802/734 709/817/734 710/818/734
f 688/796/735 687/795/735 702/810/735 703/811/735
f 696/804/736 695/803/736 710/818/736 711/819/736
f 689/797/737 688/796/737 703/811/737 704/812/737
f 682/790/738 576/666/738 697/805/738
f 802/923/739 696/804/739 711/819/739
f 690/798/740 689/797/740 704/812/740 705/813/740
f 683/791/741 682/790/741 697/805/741 698/806/741
f 710/818/742 709/817/742 724/832/742 725/833/742
f 703/811/743 702/810/743 717/825/743 718/826/743
f 711/819/744 710/818/744 725/833/744 726/834/744
f 704/812/745 703/811/745 718/826/745 719/827/745
f 697/805/746 576/667/746 712/820/746
f 802/924/747 711/819/747 726/834/747
f 705/813/748 704/812/748 719/827/748 720/828/748
f 698/806/749 697/805/749 712/820/749 713/821/749
f 706/814/750 705/813/750 720/828/750 721/829/750
f 699/807/751 698/806/751 713/821/751 714/822/751
f 707/815/752 706/814/752 721/829/752 722/830/752
f 700/808/753 699/807/753 714/822/753 715/823/753
f 708/816/754 707/815/754 722/830/754 723/831/754
f 701/809/755 700/808/755 715/823/755 716/824/755
f 709/817/756 708/816/756 723/831/756 724/832/756
f 702/810/757 701/809/757 716/824/757 717/825/757
f 714/822/758 713/821/758 728/836/758 729/837/758
f 722/830/759 721/829/759 736/844/759 737/845/759
f 715/823/760 714/822/760 729/837/760 730/838/760
f 723/831/761 722/830/761 737/845/761 738/846/761
f 716/824/762 715/823/762 730/838/762 731/839/762
f 724/832/763 723/831/763 738/846/763 739/847/763
f 717/825/764 716/824/764 731/839/764 732/840/764
f 725/833/765 724/832/765 739/847/765 740/848/765
f 718/826/766 717/825/766 732/840/766 733/841/766
f 726/834/767 725/833/767 740/848/767 741/849/767
f 719/827/768 718/826/768 733/841/768 734/842/768
f 712/820/769 576/668/769 727/835/769
f 802/925/770 726/834/770 741/849/770
f 720/828/771 719/827/771 734/842/771 735/843/771
f 713/821/772 712/820/772 727/835/772 728/836/772
f 721/829/773 720/828/773 735/843/773 736/844/773
f 733/841/774 732/840/774 747/855/774 748/856/774
f 741/849/775 740/848/775 755/863/775 756/864/775
f 734/842/776 733/841/776 748/856/776 749/857/776
f 727/835/777 576/669/777 742/850/777
f 802/926/778 741/849/778 756/864/778
f 735/843/779 734/842/779 749/857/779 750/858/779
f 728/836/780 727/835/780 742/850/780 743/851/780
f 736/844/781 735/843/781 750/858/781 751/859/781
f 729/837/782 728/836/782 743/851/782 744/852/782
f 737/845/783 736/844/783 751/859/783 752/860/783
f 730/838/784 729/837/784 744/852/784 745/853/784
f 738/846/785 737/845/785 752/860/785 753/861/785
f 731/839/786 730/838/786 745/853/786 746/854/786
f 739/847/787 738/846/787 753/861/787 754/862/787
f 732/840/788 731/839/788 746/854/788 747/855/788
f 740/848/789 739/847/789 754/862/789 755/863/789
f 752/860/790 751/859/790 766/874/790 767/875/790
f 745/853/791 744/852/791 759/867/791 760/868/791
f 753/861/792 752/860/792 767/875/792 768/876/792
f 746/854/793 745/853/793 760/868/793 761/869/793
f 754/862/794 753/861/794 768/876/794 769/877/794
f 747/855/795 746/854/795 761/869/795 762/870/795
f 755/863/796 754/862/796 769/877/796 770/878/796
f 748/856/797 747/855/797 762/870/797 763/871/797
f 756/864/798 755/863/798 770/878/798 771/879/798
f 749/857/799 748/856/799 763/871/799 764/872/799
f 742/850/800 576/670/800 757/865/800
f 802/927/801 756/864/801 771/879/801
f 750/858/802 749/857/802 764/872/802 765/873/802
f 743/851/803 742/850/803 757/865/803 758/866/803
f 751/859/804 750/858/804 765/873/804 766/874/804
f 744/852/805 743/851/805 758/866/805 759/867/805
f 771/879/806 770/878/806 785/893/806 786/894/806
f 764/872/807 763/871/807 778/886/807 779/887/807
f 757/865/808 576/671/808 772/880/808
f 802/928/809 771/879/809 786/894/809
f 765/873/810 764/872/810 779/887/810 780/888/810
f 758/866/811 757/865/811 772/880/811 773/881/811
f 766/874/812 765/873/812 780/888/812 781/889/812
f 759/867/813 758/866/813 773/881/813 774/882/813
f 767/875/814 766/874/814 781/889/814 782/890/814
f 760/868/815 759/867/815 774/882/815 775/883/815
f 768/876/816 767/875/816 782/890/816 783/891/816
f 761/869/817 760/868/817 775/883/817 776/884/817
f 769/877/818 768/876/818 783/891/818 784/892/818
f 762/870/819 761/869/819 776/884/819 777/885/819
f 770/878/820 769/877/820 784/892/820 785/893/820
f 763/871/821 762/870/821 777/885/821 778/886/821
f 775/883/822 774/882/822 789/897/822 790/898/822
f 783/891/823 782/890/823 797/905/823 798/906/823
f 776/884/824 775/883/824 790/898/824 791/899/824
f 784/892/825 783/891/825 798/906/825 799/907/825
f 777/885/826 776/884/826 791/899/826 792/900/826
f 785/893/827 784/892/827 799/907/827 800/908/827
f 778/886/828 777/885/828 792/900/828 793/901/828
f 786/894/829 785/893/829 800/908/829 801/909/829
f 779/887/830 778/886/830 793/901/830 794/902/830
f 772/880/831 576/672/831 787/895/831
f 802/929/832 786/894/832 801/909/832
f 780/888/833 779/887/833 794/902/833 795/903/833
f 773/881/834 772/880/834 787/895/834 788/896/834
f 781/889/835 780/888/835 795/903/835 796/904/835
f 774/882/836 773/881/836 788/896/836 789/897/836
f 782/890/837 781/889/837 796/904/837 797/905/837
f 794/902/838 793/901/838 809/948/838 810/949/838
f 787/895/839 576/673/839 803/942/839
f 802/930/840 801/909/840 817/956/840
f 795/903/841 794/902/841 810/949/841 811/950/841
f 788/896/842 787/895/842 803/942/842 804/943/842
f 796/904/843 795/903/843 811/950/843 812/951/843
f 789/897/844 788/896/844 804/943/844 805/944/844
f 797/905/845 796/904/845 812/951/845 813/952/845
f 790/898/846 789/897/846 805/944/846 806/945/846
f 798/906/847 797/905/847 813/952/847 814/953/847
f 791/899/848 790/898/848 806/945/848 807/946/848
f 799/907/849 798/906/849 814/953/849 815/954/849
f 792/900/850 791/899/850 807/946/850 808/947/850
f 800/908/851 799/907/851 815/954/851 816/955/851
f 793/901/852 792/900/852 808/947/852 809/948/852
f 801/909/853 800/908/853 816/955/853 817/956/853
f 814/953/854 813/952/854 828/967/854 829/968/854
f 807/946/855 806/945/855 821/960/855 822/961/855
f 815/954/856 814/953/856 829/968/856 830/969/856
f 808/947/857 807/946/857 822/961/857 823/962/857
f 816/955/858 815/954/858 830/969/858 831/970/858
f 809/948/859 808/947/859 823/962/859 824/963/859
f 817/956/860 816/955/860 831/970/860 832/971/860
f 810/949/861 809/948/861 824/963/861 825/964/861
f 803/942/862 576/674/862 818/957/862
f 802/931/863 817/956/863 832/971/863
f 811/950/864 810/949/864 825/964/864 826/965/864
f 804/943/865 803/942/865 818/957/865 819/958/865
f 812/951/866 811/950/866 826/965/866 827/966/866
f 805/944/867 804/943/867 819/958/867 820/959/867
f 813/952/868 812/951/868 827/966/868 828/967/868
f 806/945/869 805/944/869 820/959/869 821/960/869
f 802/932/870 832/971/870 847/986/870
f 826/965/871 825/964/871 840/979/871 841/980/871
f 819/958/872 818/957/872 833/972/872 834/973/872
f 827/966/873 826/965/873 841/980/873 842/981/873
f 820/959/874 819/958/874 834/973/874 835/974/874
f 828/967/875 827/966/875 842/981/875 843/982/875
f 821/960/876 820/959/876 835/974/876 836/975/876
f 829/968/877 828/967/877 843/982/877 844/983/877
f 822/961/878 821/960/878 836/975/878 837/976/878
f 830/969/879 829/968/879 844/983/879 845/984/879
f 823/962/880 822/961/880 837/976/880 838/977/880
f 831/970/881 830/969/881 845/984/881 846/985/881
f 824/963/882 823/962/882 838/977/882 839/978/882
f 832/971/883 831/970/883 846/985/883 847/986/883
f 825/964/884 824/963/884 839/978/884 840/979/884
f 818/957/885 576/675/885 833/972/885
f 845/984/886 844/983/886 859/1009/886 860/1011/886
f 838/977/887 837/976/887 852/995/887 853/997/887
f 846/985/888 845/984/888 860/1011/888 861/1013/888
f 839/978/889 838/977/889 853/997/889 854/999/889
f 847/986/890 846/985/890 861/1013/890 862/1015/890
f 840/979/891 839/978/891 854/999/891 855/1001/891
f 833/972/892 576/676/892 848/987/892
f 802/933/893 847/986/893 862/1015/893
f 841/980/894 840/979/894 855/1001/894 856/1003/894
f 834/973/895 833/972/895 848/987/895 849/989/895
f 842/981/896 841/980/896 856/1003/896 857/1005/896
f 835/974/897 834/973/897 849/989/897 850/991/897
f 843/982/898 842/981/898 857/1005/898 858/1007/898
f 836/975/899 835/974/899 850/991/899 851/993/899
f 844/983/900 843/982/900 858/1007/900 859/1009/900
f 837/976/901 836/975/901 851/993/901 852/995/901
f 849/990/902 848/988/902 863/1017/902 864/1018/902
f 857/1006/903 856/1004/903 871/1025/903 872/1026/903
f 850/992/904 849/990/904 864/1018/904 865/1019/904
f 858/1008/905 857/1006/905 872/1026/905 873/1027/905
f 851/994/906 850/992/906 865/1019/906 866/1020/906
f 859/1010/907 858/1008/907 873/1027/907 874/1028/907
f 852/996/908 851/994/908 866/1020/908 867/1021/908
f 860/1012/909 859/1010/909 874/1028/909 875/1029/909
f 853/998/910 852/996/910 867/1021/910 868/1022/910
f 861/1014/911 860/1012/911 875/1029/911 876/1030/911
f 854/1000/912 853/998/912 868/1022/912 869/1023/912
f 862/1016/913 861/1014/913 876/1030/913 877/1031/913
f 855/1002/914 854/1000/914 869/1023/914 870/1024/914
f 848/988/915 576/677/915 863/1017/915
f 802/934/916 862/1016/916 877/1031/916
f 856/1004/917 855/1002/917 870/1024/917 871/1025/917
f 868/1022/918 867/1021/918 882/1036/918 883/1037/918
f 876/1030/919 875/1029/919 890/1044/919 891/1045/919
f 869/1023/920 868/1022/920 883/1037/920 884/1038/920
f 877/1031/921 876/1030/921 891/1045/921 892/1046/921
f 870/1024/922 869/1023/922 884/1038/922 885/1039/922
f 863/1017/923 576/678/923 878/1032/923
f 802/935/924 877/1031/924 892/1046/924
f 871/1025/925 870/1024/925 885/1039/925 886/1040/925
f 864/1018/926 863/1017/926 878/1032/926 879/1033/926
f 872/1026/927 871/1025/927 886/1040/927 887/1041/927
f 865/1019/928 864/1018/928 879/1033/928 880/1034/928
f 873/1027/929 872/1026/929 887/1041/929 888/1042/929
f 866/1020/930 865/1019/930 880/1034/930 881/1035/930
f 874/1028/931 873/1027/931 888/1042/931 889/1043/931
f 867/1021/932 866/1020/932 881/1035/932 882/1036/932
f 875/1029/933 874/1028/933 889/1043/933 890/1044/933
f 887/1041/934 886/1040/934 901/1055/934 902/1056/934
f 880/1034/935 879/1033/935 894/1048/935 895/1049/935
f 888/1042/936 887/1041/936 902/1056/936 903/1057/936
f 881/1035/937 880/1034/937 895/1049/937 896/1050/937
f 889/1043/938 888/1042/938 903/1057/938 904/1058/938
f 882/1036/939 881/1035/939 896/1050/939 897/1051/939
f 890/1044/940 889/1043/940 904/1058/940 905/1059/940
f 883/1037/941 882/1036/941 897/1051/941 898/1052/941
f 891/1045/942 890/1044/942 905/1059/942 906/1060/942
f 884/1038/943 883/1037/943 898/1052/943 899/1053/943
f 892/1046/944 891/1045/944 906/1060/944 907/1061/944
f 885/1039/945 884/1038/945 899/1053/945 900/1054/945
f 878/1032/946 576/679/946 893/1047/946
f 802/936/947 892/1046/947 907/1061/947
f 886/1040/948 885/1039/948 900/1054/948 901/1055/948
f 879/1033/949 878/1032/949 893/1047/949 894/1048/949
f 906/1060/950 905/1059/950 920/1074/950 921/1075/950
f 899/1053/951 898/1052/951 913/1067/951 914/1068/951
f 907/1061/952 906/1060/952 921/1075/952 922/1076/952
f 900/1054/953 899/1053/953 914/1068/953 915/1069/953
f 893/1047/954 576/680/954 908/1062/954
f 802/937/955 907/1061/955 922/1076/955
f 901/1055/956 900/1054/956 915/1069/956 916/1070/956
f 894/1048/957 893/1047/957 908/1062/957 909/1063/957
f 902/1056/958 901/1055/958 916/1070/958 917/1071/958
f 895/1049/959 894/1048/959 909/1063/959 910/1064/959
f 903/1057/960 902/1056/960 917/1071/960 918/1072/960
f 896/1050/961 895/1049/961 910/1064/961 911/1065/961
f 904/1058/962 903/1057/962 918/1072/962 919/1073/962
f 897/1051/963 896/1050/963 911/1065/963 912/1066/963
f 905/1059/964 904/1058/964 919/1073/964 920/1074/964
f 898/1052/965 897/1051/965 912/1066/965 913/1067/965
f 910/1064/966 909/1063/966 924/1078/966 925/1079/966
f 918/1072/967 917/1071/967 932/1086/967 933/1087/967
f 911/1065/968 910/1064/968 925/1079/968 926/1080/968
f 919/1073/969 918/1072/969 933/1087/969 934/1088/969
f 912/1066/970 911/1065/970 926/1080/970 927/1081/970
f 920/1074/971 919/1073/971 934/1088/971 935/1089/971
f 913/1067/972 912/1066/972 927/1081/972 928/1082/972
f 921/1075/973 920/1074/973 935/1089/973 936/1090/973
f 914/1068/974 913/1067/974 928/1082/974 929/1083/974
f 922/1076/975 921/1075/975 936/1090/975 937/1091/975
f 915/1069/976 914/1068/976 929/1083/976 930/1084/976
f 908/1062/977 576/681/977 923/1077/977
f 802/938/978 922/1076/978 937/1091/978
f 916/1070/979 915/1069/979 930/1084/979 931/1085/979
f 909/1063/980 908/1062/980 923/1077/980 924/1078/980
f 917/1071/981 916/1070/981 931/1085/981 932/1086/981
f 929/1083/982 928/1082/982 943/1097/982 944/1098/982
f 937/1091/983 936/1090/983 951/1105/983 952/1106/983
f 930/1084/984 929/1083/984 944/1098/984 945/1099/984
f 923/1077/985 576/682/985 938/1092/985
f 802/939/986 937/1091/986 952/1106/986
f 931/1085/987 930/1084/987 945/1099/987 946/1100/987
f 924/1078/988 923/1077/988 938/1092/988 939/1093/988
f 932/1086/989 931/1085/989 946/1100/989 947/1101/989
f 925/1079/990 924/1078/990 939/1093/990 940/1094/990
f 933/1087/991 932/1086/991 947/1101/991 948/1102/991
f 926/1080/992 925/1079/992 940/1094/992 941/1095/992
f 934/1088/993 933/1087/993 948/1102/993 949/1103/993
f 927/1081/994 926/1080/994 941/1095/994 942/1096/994
f 935/1089/995 934/1088/995 949/1103/995 950/1104/995
f 928/1082/996 927/1081/996 942/1096/996 943/1097/996
f 936/1090/997 935/1089/997 950/1104/997 951/1105/997
f 948/1102/998 947/1101/998 962/1116/998 963/1117/998
f 941/1095/999 940/1094/999 955/1109/999 956/1110/999
f 949/1103/1000 948/1102/1000 963/1117/1000 964/1118/1000
f 942/1096/1001 941/1095/1001 956/1110/1001 957/1111/1001
f 950/1104/1002 949/1103/1002 964/1118/1002 965/1119/1002
f 943/1097/1003 942/1096/1003 957/1111/1003 958/1112/1003
f 951/1105/1004 950/1104/1004 965/1119/1004 966/1120/1004
f 944/1098/1005 943/1097/1005 958/1112/1005 959/1113/1005
f 952/1106/1006 951/1105/1006 966/1120/1006 967/1121/1006
f 945/1099/1007 944/1098/1007 959/1113/1007 960/1114/1007
f 938/1092/1008 576/683/1008 953/1107/1008
f 802/940/1009 952/1106/1009 967/1121/1009
f 946/1100/1010 945/1099/1010 960/1114/1010 961/1115/1010
f 939/1093/1011 938/1092/1011 953/1107/1011 954/1108/1011
f 947/1101/1012 946/1100/1012 961/1115/1012 962/1116/1012
f 940/1094/1013 939/1093/1013 954/1108/1013 955/1109/1013
f 967/1121/1014 966/1120/1014 975/1129/1014 976/1130/1014
f 960/1114/1015 959/1113/1015 497/574/1015 498/575/1015
f 953/1107/1016 576/684/1016 968/1122/1016
f 802/941/1017 967/1121/1017 976/1130/1017
f 961/1115/1018 960/1114/1018 498/575/1018 499/576/1018
f 954/1108/1019 953/1107/1019 968/1122/1019 969/1123/1019
f 962/1116/1020 961/1115/1020 499/576/1020 972/1126/1020
f 955/1109/1021 954/1108/1021 969/1123/1021 495/572/1021
f 963/1117/1022 962/1116/1022 972/1126/1022 500/577/1022
f 956/1110/1023 955/1109/1023 495/572/1023 970/1124/1023
f 964/1118/1024 963/1117/1024 500/577/1024 973/1127/1024
f 957/1111/1025 956/1110/1025 970/1124/1025 496/573/1025
f 965/1119/1026 964/1118/1026 973/1127/1026 974/1128/1026
f 958/1112/1027 957/1111/1027 496/573/1027 971/1125/1027
f 966/1120/1028 965/1119/1028 974/1128/1028 975/1129/1028
f 959/1113/1029 958/1112/1029 971/1125/1029 497/574/1029
o Sphere.002
v 0.490023 0.560506 0.031931
v 0.490023 0.480305 -0.048270
v 0.490023 0.375517 -0.091675
v 0.490023 0.318806 -0.097261
v 0.490023 0.262095 -0.091675
v 0.490023 0.157307 -0.048270
v 0.501087 0.603911 0.137809
v 0.511725 0.587369 0.084325
v 0.521530 0.560506 0.035034
v 0.530124 0.524355 -0.008170
v 0.537177 0.480305 -0.043626
v 0.542417 0.430048 -0.069973
v 0.545644 0.375517 -0.086197
v 0.546734 0.318806 -0.091675
v 0.545644 0.262095 -0.086197
v 0.542417 0.207563 -0.069973
v 0.537177 0.157307 -0.043626
v 0.530124 0.113256 -0.008170
v 0.521530 0.077105 0.035034
v 0.511725 0.050243 0.084325
v 0.501087 0.033701 0.137809
v 0.511725 0.603911 0.141036
v 0.532594 0.587369 0.090655
v 0.551826 0.560506 0.044224
v 0.568683 0.524355 0.003527
v 0.582518 0.480305 -0.029872
v 0.592798 0.430048 -0.054690
v 0.599128 0.375517 -0.069973
v 0.601266 0.318806 -0.075133
v 0.599128 0.262095 -0.069973
v 0.592798 0.207563 -0.054690
v 0.582518 0.157307 -0.029872
v 0.568683 0.113256 0.003527
v 0.551826 0.077105 0.044224
v 0.532594 0.050243 0.090655
v 0.511725 0.033701 0.141036
v 0.521530 0.603911 0.146277
v 0.551826 0.587369 0.100935
v 0.579747 0.560506 0.059149
v 0.604220 0.524355 0.022522
v 0.624305 0.480305 -0.007536
v 0.639229 0.430048 -0.029872
v 0.648419 0.375517 -0.043626
v 0.651522 0.318806 -0.048270
v 0.648419 0.262095 -0.043626
v 0.639229 0.207563 -0.029872
v 0.624305 0.157307 -0.007536
v 0.604220 0.113256 0.022522
v 0.579747 0.077105 0.059149
v 0.551826 0.050243 0.100935
v 0.521530 0.033701 0.146277
v 0.530124 0.603911 0.153329
v 0.568683 0.587369 0.114770
v 0.604220 0.560506 0.079233
v 0.635368 0.524355 0.048085
v 0.660931 0.480305 0.022522
v 0.679926 0.430048 0.003527
v 0.691623 0.375517 -0.008170
v 0.695572 0.318806 -0.012119
v 0.691623 0.262095 -0.008170
v 0.679926 0.207563 0.003527
v 0.660931 0.157307 0.022522
v 0.635368 0.113256 0.048085
v 0.604220 0.077105 0.079233
v 0.568683 0.050243 0.114770
v 0.530124 0.033701 0.153329
v 0.537177 0.603911 0.161923
v 0.582518 0.587369 0.131627
v 0.624305 0.560506 0.103706
v 0.660931 0.524355 0.079233
v 0.690990 0.480305 0.059149
v 0.713325 0.430048 0.044224
v 0.727079 0.375517 0.035034
v 0.731724 0.318806 0.031931
v 0.727079 0.262095 0.035034
v 0.713325 0.207563 0.044224
v 0.690990 0.157307 0.059149
v 0.660931 0.113256 0.079233
v 0.624305 0.077105 0.103706
v 0.582518 0.050243 0.131627
v 0.537177 0.033701 0.161923
v 0.490023 0.609496 0.193430
v 0.542417 0.603911 0.171728
v 0.592798 0.587369 0.150859
v 0.639229 0.560506 0.131627
v 0.679926 0.524355 0.114770
v 0.713325 0.480305 0.100935
v 0.738143 0.430048 0.090655
v 0.753426 0.375517 0.084325
v 0.758586 0.318806 0.082188
v 0.753426 0.262095 0.084325
v 0.738143 0.207563 0.090655
v 0.713325 0.157307 0.100935
v 0.679926 0.113256 0.114770
v 0.639229 0.077105 0.131627
v 0.592798 0.050243 0.150859
v 0.542417 0.033701 0.171728
v 0.545644 0.603911 0.182366
v 0.599128 0.587369 0.171728
v 0.648419 0.560506 0.161923
v 0.691623 0.524355 0.153329
v 0.727079 0.480305 0.146277
v 0.753426 0.430048 0.141036
v 0.769650 0.375517 0.137809
v 0.775128 0.318806 0.136719
v 0.769650 0.262095 0.137809
v 0.753426 0.207563 0.141036
v 0.727079 0.157307 0.146277
v 0.691623 0.113256 0.153329
v 0.648419 0.077105 0.161923
v 0.599128 0.050243 0.171728
v 0.545644 0.033701 0.182366
v 0.546734 0.603911 0.193430
v 0.601266 0.587369 0.193430
v 0.651522 0.560506 0.193430
v 0.695572 0.524355 0.193430
v 0.731724 0.480305 0.193430
v 0.758586 0.430048 0.193430
v 0.775128 0.375517 0.193430
v 0.780714 0.318806 0.193430
v 0.775128 0.262095 0.193430
v 0.758586 0.207563 0.193430
v 0.731724 0.157307 0.193430
v 0.695572 0.113256 0.193430
v 0.651522 0.077105 0.193430
v 0.601266 0.050243 0.193430
v 0.546734 0.033701 0.193430
v 0.545644 0.603911 0.204494
v 0.599128 0.587369 0.215133
v 0.648419 0.560506 0.224937
v 0.691623 0.524355 0.233531
v 0.727079 0.480305 0.240584
v 0.753426 0.430048 0.245824
v 0.769650 0.375517 0.249051
v 0.775128 0.318806 0.250141
v 0.769650 0.262095 0.249051
v 0.753426 0.207563 0.245824
v 0.727079 0.157307 0.240584
v 0.691623 0.113256 0.233531
v 0.648419 0.077105 0.224937
v 0.599128 0.050243 0.215133
v 0.545644 0.033701 0.204494
v 0.542417 0.603911 0.215132
v 0.592798 0.587369 0.236001
v 0.639229 0.560506 0.255233
v 0.679926 0.524355 0.272090
v 0.713325 0.480305 0.285925
v 0.738143 0.430048 0.296205
v 0.753426 0.375517 0.302535
v 0.758586 0.318806 0.304673
v 0.753426 0.262095 0.302535
v 0.738143 0.207563 0.296205
v 0.713325 0.157307 0.285925
v 0.679926 0.113256 0.272090
v 0.639229 0.077105 0.255233
v 0.592798 0.050243 0.236001
v 0.542417 0.033701 0.215132
v 0.537176 0.603911 0.224937
v 0.582518 0.587369 0.255233
v 0.624305 0.560506 0.283154
v 0.660931 0.524355 0.307627
v 0.690990 0.480305 0.327712
v 0.713325 0.430048 0.342636
v 0.727079 0.375517 0.351826
v 0.731723 0.318806 0.354929
v 0.727079 0.262095 0.351826
v 0.713325 0.207563 0.342636
v 0.690990 0.157307 0.327712
v 0.660931 0.113256 0.307627
v 0.624305 0.077105 0.283154
v 0.582518 0.050243 0.255233
v 0.537176 0.033701 0.224937
v 0.530124 0.603911 0.233531
v 0.568683 0.587369 0.272090
v 0.604220 0.560506 0.307627
v 0.635368 0.524355 0.338776
v 0.660931 0.480305 0.364338
v 0.679926 0.430048 0.383333
v 0.691623 0.375517 0.395030
v 0.695572 0.318806 0.398979
v 0.691623 0.262095 0.395030
v 0.679926 0.207563 0.383333
v 0.660931 0.157307 0.364338
v 0.635368 0.113256 0.338776
v 0.604220 0.077105 0.307627
v 0.568683 0.050243 0.272090
v 0.530124 0.033701 0.233531
v 0.521530 0.603911 0.240584
v 0.551826 0.587369 0.285925
v 0.579747 0.560506 0.327712
v 0.604220 0.524355 0.364338
v 0.624305 0.480305 0.394397
v 0.639229 0.430048 0.416732
v 0.648419 0.375517 0.430486
v 0.651522 0.318806 0.435131
v 0.648419 0.262095 0.430486
v 0.639229 0.207563 0.416732
v 0.624305 0.157307 0.394397
v 0.604220 0.113256 0.364338
v 0.579747 0.077105 0.327712
v 0.551826 0.050243 0.285925
v 0.521530 0.033701 0.240584
v 0.511725 0.603911 0.245824
v 0.532594 0.587369 0.296205
v 0.551826 0.560506 0.342636
v 0.568683 0.524355 0.383333
v 0.582518 0.480305 0.416732
v 0.592798 0.430048 0.441550
v 0.599128 0.375517 0.456833
v 0.601265 0.318806 0.461993
v 0.599128 0.262095 0.456833
v 0.592798 0.207563 0.441550
v 0.582518 0.157307 0.416732
v 0.568683 0.113256 0.383333
v 0.551826 0.077105 0.342636
v 0.532594 0.050243 0.296205
v 0.511725 0.033701 0.245824
v 0.501087 0.603911 0.249051
v 0.511725 0.587369 0.302535
v 0.521530 0.560506 0.351826
v 0.530124 0.524355 0.395030
v 0.537176 0.480305 0.430486
v 0.542417 0.430048 0.456833
v 0.545644 0.375517 0.473057
v 0.546734 0.318806 0.478535
v 0.545644 0.262095 0.473057
v 0.542417 0.207563 0.456833
v 0.537176 0.157307 0.430486
v 0.530124 0.113256 0.395030
v 0.521530 0.077105 0.351826
v 0.511725 0.050243 0.302535
v 0.501087 0.033701 0.249051
v 0.490023 0.603911 0.250141
v 0.490023 0.587369 0.304673
v 0.490023 0.560506 0.354929
v 0.490023 0.524355 0.398979
v 0.490023 0.480305 0.435131
v 0.490023 0.430048 0.461993
v 0.490023 0.375517 0.478535
v 0.490023 0.318806 0.484121
v 0.490023 0.262095 0.478535
v 0.490023 0.207563 0.461993
v 0.490023 0.157307 0.435131
v 0.490023 0.113256 0.398979
v 0.490023 0.077105 0.354929
v 0.490023 0.050243 0.304673
v 0.490023 0.033701 0.250141
v 0.478959 0.603911 0.249051
v 0.468321 0.587369 0.302535
v 0.458516 0.560506 0.351826
v 0.449922 0.524355 0.395030
v 0.442870 0.480305 0.430486
v 0.437629 0.430048 0.456833
v 0.434402 0.375517 0.473057
v 0.433312 0.318806 0.478535
v 0.434402 0.262095 0.473057
v 0.437629 0.207563 0.456833
v 0.442870 0.157307 0.430486
v 0.449922 0.113256 0.395030
v 0.458516 0.077105 0.351826
v 0.468321 0.050243 0.302535
v 0.478959 0.033701 0.249051
v 0.468321 0.603911 0.245824
v 0.447452 0.587369 0.296205
v 0.428220 0.560506 0.342636
v 0.411363 0.524355 0.383333
v 0.397528 0.480305 0.416732
v 0.387248 0.430048 0.441550
v 0.380918 0.375517 0.456833
v 0.378781 0.318806 0.461993
v 0.380918 0.262095 0.456833
v 0.387248 0.207563 0.441550
v 0.397528 0.157307 0.416732
v 0.411363 0.113256 0.383333
v 0.428220 0.077105 0.342636
v 0.447452 0.050243 0.296205
v 0.468321 0.033701 0.245824
v 0.458516 0.603911 0.240584
v 0.428220 0.587369 0.285925
v 0.400299 0.560506 0.327712
v 0.375826 0.524355 0.364338
v 0.355742 0.480305 0.394397
v 0.340817 0.430048 0.416732
v 0.331627 0.375517 0.430486
v 0.328524 0.318806 0.435130
v 0.331627 0.262095 0.430486
v 0.340817 0.207563 0.416732
v 0.355742 0.157307 0.394397
v 0.375826 0.113256 0.364338
v 0.400299 0.077105 0.327712
v 0.428220 0.050243 0.285925
v 0.458516 0.033701 0.240584
v 0.449922 0.603911 0.233531
v 0.411363 0.587369 0.272090
v 0.375826 0.560506 0.307627
v 0.344678 0.524355 0.338775
v 0.319115 0.480305 0.364338
v 0.300120 0.430048 0.383333
v 0.288423 0.375517 0.395030
v 0.284474 0.318806 0.398979
v 0.288423 0.262095 0.395030
v 0.300120 0.207563 0.383333
v 0.319115 0.157307 0.364338
v 0.344678 0.113256 0.338775
v 0.375826 0.077105 0.307627
v 0.411363 0.050243 0.272090
v 0.449922 0.033701 0.233531
v 0.490023 0.028115 0.193430
v 0.442870 0.603911 0.224937
v 0.397528 0.587369 0.255233
v 0.355742 0.560506 0.283154
v 0.319115 0.524355 0.307627
v 0.289057 0.480305 0.327712
v 0.266721 0.430048 0.342636
v 0.252967 0.375517 0.351826
v 0.248323 0.318806 0.354929
v 0.252967 0.262095 0.351826
v 0.266721 0.207563 0.342636
v 0.289057 0.157307 0.327712
v 0.319115 0.113256 0.307627
v 0.355742 0.077105 0.283154
v 0.397528 0.050243 0.255233
v 0.442870 0.033701 0.224937
v 0.437629 0.603911 0.215132
v 0.387248 0.587369 0.236001
v 0.340817 0.560506 0.255233
v 0.300120 0.524355 0.272090
v 0.266721 0.480305 0.285925
v 0.241903 0.430048 0.296205
v 0.226620 0.375517 0.302535
v 0.221460 0.318806 0.304672
v 0.226620 0.262095 0.302535
v 0.241903 0.207563 0.296205
v 0.266721 0.157307 0.285925
v 0.300120 0.113256 0.272090
v 0.340817 0.077105 0.255233
v 0.387248 0.050243 0.236001
v 0.437629 0.033701 0.215132
v 0.434402 0.603911 0.204494
v 0.380918 0.587369 0.215132
v 0.331627 0.560506 0.224937
v 0.288423 0.524355 0.233531
v 0.252967 0.480305 0.240584
v 0.226620 0.430048 0.245824
v 0.210396 0.375517 0.249051
v 0.204918 0.318806 0.250141
v 0.210396 0.262095 0.249051
v 0.226620 0.207563 0.245824
v 0.252967 0.157307 0.240584
v 0.288423 0.113256 0.233531
v 0.331627 0.077105 0.224937
v 0.380918 0.050243 0.215132
v 0.434402 0.033701 0.204494
v 0.433312 0.603911 0.193430
v 0.378781 0.587369 0.193430
v 0.328524 0.560506 0.193430
v 0.284474 0.524355 0.193430
v 0.248323 0.480305 0.193430
v 0.221460 0.430048 0.193430
v 0.204918 0.375517 0.193430
v 0.199333 0.318806 0.193430
v 0.204918 0.262095 0.193430
v 0.221460 0.207563 0.193430
v 0.248323 0.157307 0.193430
v 0.284474 0.113256 0.193430
v 0.328524 0.077105 0.193430
v 0.378781 0.050243 0.193430
v 0.433312 0.033701 0.193430
v 0.434402 0.603911 0.182366
v 0.380918 0.587369 0.171728
v 0.331627 0.560506 0.161923
v 0.288423 0.524355 0.153329
v 0.252967 0.480305 0.146277
v 0.226620 0.430048 0.141036
v 0.210396 0.375517 0.137809
v 0.204918 0.318806 0.136719
v 0.210396 0.262095 0.137809
v 0.226620 0.207563 0.141036
v 0.252967 0.157307 0.146277
v 0.288423 0.113256 0.153329
v 0.331627 0.077105 0.161923
v 0.380918 0.050243 0.171728
v 0.434402 0.033701 0.182366
v 0.437629 0.603911 0.171728
v 0.387248 0.587369 0.150859
v 0.340818 0.560506 0.131627
v 0.300120 0.524355 0.114770
v 0.266721 0.480305 0.100935
v 0.241903 0.430048 0.090656
v 0.226620 0.375517 0.084325
v 0.221460 0.318806 0.082188
v 0.226620 0.262095 0.084325
v 0.241903 0.207563 0.090656
v 0.266721 0.157307 0.100935
v 0.300120 0.113256 0.114770
v 0.340818 0.077105 0.131627
v 0.387248 0.050243 0.150859
v 0.437629 0.033701 0.171728
v 0.442870 0.603911 0.161923
v 0.397528 0.587369 0.131627
v 0.355742 0.560506 0.103706
v 0.319115 0.524355 0.079233
v 0.289057 0.480305 0.059149
v 0.266721 0.430048 0.044225
v 0.252967 0.375517 0.035034
v 0.248323 0.318806 0.031931
v 0.252967 0.262095 0.035034
v 0.266721 0.207563 0.044225
v 0.289057 0.157307 0.059149
v 0.319115 0.113256 0.079233
v 0.355742 0.077105 0.103706
v 0.397528 0.050243 0.131627
v 0.442870 0.033701 0.161923
v 0.449922 0.603911 0.153329
v 0.411363 0.587369 0.114770
v 0.375826 0.560506 0.079233
v 0.344678 0.524355 0.048085
v 0.319115 0.480305 0.022522
v 0.300120 0.430048 0.003527
v 0.288423 0.375517 -0.008170
v 0.284474 0.318806 -0.012119
v 0.288423 0.262095 -0.008170
v 0.300120 0.207563 0.003527
v 0.319115 0.157307 0.022522
v 0.344678 0.113256 0.048085
v 0.375826 0.077105 0.079233
v 0.411363 0.050243 0.114770
v 0.449922 0.033701 0.153329
v 0.458516 0.603911 0.146277
v 0.428220 0.587369 0.100935
v 0.400299 0.560506 0.059149
v 0.375826 0.524355 0.022522
v 0.355742 0.480305 -0.007536
v 0.340817 0.430048 -0.029872
v 0.331627 0.375517 -0.043626
v 0.328524 0.318806 -0.048270
v 0.331627 0.262095 -0.043626
v 0.340817 0.207563 -0.029872
v 0.355742 0.157307 -0.007536
v 0.375826 0.113256 0.022522
v 0.400299 0.077105 0.059149
v 0.428220 0.050243 0.100935
v 0.458516 0.033701 0.146277
v 0.468321 0.603911 0.141036
v 0.447452 0.587369 0.090656
v 0.428220 0.560506 0.044225
v 0.411363 0.524355 0.003527
v 0.397528 0.480305 -0.029872
v 0.387248 0.430048 -0.054690
v 0.380918 0.375517 -0.069973
v 0.378781 0.318806 -0.075133
v 0.380918 0.262095 -0.069973
v 0.387248 0.207563 -0.054690
v 0.397528 0.157307 -0.029872
v 0.411363 0.113256 0.003527
v 0.428220 0.077105 0.044225
v 0.447452 0.050243 0.090656
v 0.468321 0.033701 0.141036
v 0.478959 0.603911 0.137809
v 0.468321 0.587369 0.084325
v 0.458516 0.560506 0.035034
v 0.449922 0.524355 -0.008170
v 0.442870 0.480305 -0.043626
v 0.437629 0.430048 -0.069973
v 0.434402 0.375517 -0.086197
v 0.433312 0.318806 -0.091675
v 0.434402 0.262095 -0.086197
v 0.437629 0.207563 -0.069973
v 0.442870 0.157307 -0.043626
v 0.449922 0.113256 -0.008170
v 0.458516 0.077105 0.035034
v 0.468321 0.050243 0.084325
v 0.478959 0.033701 0.137809
v 0.490023 0.603911 0.136719
v 0.490023 0.587369 0.082188
v 0.490023 0.524355 -0.012119
v 0.490023 0.430048 -0.075133
v 0.490023 0.207563 -0.075133
v 0.490023 0.113256 -0.012119
v 0.490023 0.077105 0.031931
v 0.490023 0.050243 0.082188
v 0.490023 0.033701 0.136719
vn 0.0286 -0.9565 -0.2902
vn 0.0975 0.0975 -0.9904
vn 0.0097 0.9951 -0.0980
vn 0.0097 -0.9951 -0.0980
vn 0.0975 -0.0975 -0.9904
vn 0.0286 0.9565 -0.2902
vn 0.0938 -0.2890 -0.9527
vn 0.0464 0.8810 -0.4709
vn 0.0865 -0.4696 -0.8786
vn 0.0624 0.7715 -0.6332
vn 0.0759 -0.6326 -0.7708
vn 0.0759 0.6326 -0.7708
vn 0.0624 -0.7715 -0.6332
vn 0.0865 0.4696 -0.8786
vn 0.0464 -0.8810 -0.4709
vn 0.0938 0.2890 -0.9527
vn 0.2563 0.4696 -0.8448
vn 0.1374 -0.8810 -0.4528
vn 0.2779 0.2890 -0.9161
vn 0.0846 -0.9565 -0.2790
vn 0.2889 0.0976 -0.9524
vn 0.0286 0.9951 -0.0942
vn 0.0286 -0.9951 -0.0942
vn 0.2889 -0.0976 -0.9524
vn 0.0846 0.9565 -0.2790
vn 0.2779 -0.2890 -0.9161
vn 0.1374 0.8810 -0.4528
vn 0.2563 -0.4696 -0.8448
vn 0.1847 0.7715 -0.6088
vn 0.2248 -0.6326 -0.7412
vn 0.2248 0.6326 -0.7412
vn 0.1847 -0.7715 -0.6088
vn 0.4513 -0.2890 -0.8443
vn 0.2230 0.8810 -0.4173
vn 0.4162 -0.4696 -0.7786
vn 0.2999 0.7715 -0.5611
vn 0.3651 -0.6326 -0.6831
vn 0.3651 0.6326 -0.6831
vn 0.2999 -0.7715 -0.5611
vn 0.4162 0.4696 -0.7786
vn 0.2230 -0.8810 -0.4173
vn 0.4513 0.2890 -0.8443
vn 0.1374 -0.9565 -0.2571
vn 0.4691 0.0975 -0.8777
vn 0.0464 0.9951 -0.0869
vn 0.0464 -0.9951 -0.0869
vn 0.4691 -0.0975 -0.8777
vn 0.1374 0.9565 -0.2571
vn 0.3002 -0.8810 -0.3658
vn 0.6073 0.2890 -0.7400
vn 0.1850 -0.9565 -0.2254
vn 0.6314 0.0975 -0.7693
vn 0.0625 0.9951 -0.0761
vn 0.0625 -0.9951 -0.0761
vn 0.6314 -0.0975 -0.7693
vn 0.1850 0.9565 -0.2254
vn 0.6073 -0.2890 -0.7400
vn 0.3002 0.8810 -0.3658
vn 0.5601 -0.4696 -0.6825
vn 0.4036 0.7715 -0.4918
vn 0.4913 -0.6326 -0.5987
vn 0.4913 0.6326 -0.5987
vn 0.4036 -0.7715 -0.4918
vn 0.5601 0.4696 -0.6825
vn 0.6825 -0.4696 -0.5601
vn 0.4918 0.7715 -0.4036
vn 0.5987 -0.6326 -0.4913
vn 0.5987 0.6326 -0.4913
vn 0.4918 -0.7715 -0.4036
vn 0.6825 0.4696 -0.5601
vn 0.3658 -0.8810 -0.3002
vn 0.7400 0.2890 -0.6073
vn 0.2254 -0.9565 -0.1850
vn 0.7693 0.0975 -0.6314
vn 0.0761 0.9951 -0.0625
vn 0.0761 -0.9951 -0.0625
vn 0.7693 -0.0975 -0.6314
vn 0.2254 0.9565 -0.1850
vn 0.7400 -0.2890 -0.6073
vn 0.3658 0.8810 -0.3002
vn 0.2571 -0.9565 -0.1374
vn 0.8777 0.0975 -0.4691
vn 0.0869 0.9951 -0.0464
vn 0.0869 -0.9951 -0.0464
vn 0.8777 -0.0975 -0.4691
vn 0.2571 0.9565 -0.1374
vn 0.8443 -0.2890 -0.4513
vn 0.4173 0.8810 -0.2230
vn 0.7786 -0.4696 -0.4162
vn 0.5611 0.7715 -0.2999
vn 0.6831 -0.6326 -0.3651
vn 0.6831 0.6326 -0.3651
vn 0.5611 -0.7715 -0.2999
vn 0.7786 0.4696 -0.4162
vn 0.4173 -0.8810 -0.2230
vn 0.8443 0.2890 -0.4513
vn 0.6088 0.7715 -0.1847
vn 0.7412 -0.6326 -0.2248
vn 0.7412 0.6326 -0.2248
vn 0.6088 -0.7715 -0.1847
vn 0.8448 0.4696 -0.2563
vn 0.4528 -0.8810 -0.1374
vn 0.9161 0.2890 -0.2779
vn 0.2790 -0.9565 -0.0846
vn 0.9524 0.0975 -0.2889
vn 0.0942 0.9951 -0.0286
vn 0.0942 -0.9951 -0.0286
vn 0.9524 -0.0975 -0.2889
vn 0.2790 0.9565 -0.0846
vn 0.9161 -0.2890 -0.2779
vn 0.4528 0.8810 -0.1374
vn 0.8448 -0.4696 -0.2563
vn 0.9904 0.0975 -0.0975
vn 0.0980 0.9951 -0.0097
vn 0.0980 -0.9951 -0.0097
vn 0.9904 -0.0975 -0.0975
vn 0.2902 0.9565 -0.0286
vn 0.9527 -0.2890 -0.0938
vn 0.4709 0.8810 -0.0464
vn 0.8786 -0.4696 -0.0865
vn 0.6332 0.7715 -0.0624
vn 0.7708 -0.6326 -0.0759
vn 0.7708 0.6326 -0.0759
vn 0.6332 -0.7715 -0.0624
vn 0.8786 0.4696 -0.0865
vn 0.4709 -0.8810 -0.0464
vn 0.9527 0.2890 -0.0938
vn 0.2902 -0.9565 -0.0286
vn 0.7708 -0.6326 0.0759
vn 0.7708 0.6326 0.0759
vn 0.6332 -0.7715 0.0624
vn 0.8786 0.4696 0.0865
vn 0.4709 -0.8810 0.0464
vn 0.9527 0.2890 0.0938
vn 0.2902 -0.9565 0.0286
vn 0.9904 0.0975 0.0976
vn 0.0980 0.9951 0.0097
vn 0.0980 -0.9951 0.0097
vn 0.9904 -0.0975 0.0976
vn 0.2902 0.9565 0.0286
vn 0.9527 -0.2890 0.0938
vn 0.4709 0.8810 0.0464
vn 0.8786 -0.4696 0.0865
vn 0.6332 0.7715 0.0624
vn 0.0942 0.9951 0.0286
vn 0.0942 -0.9951 0.0286
vn 0.9524 -0.0975 0.2889
vn 0.2790 0.9565 0.0846
vn 0.9161 -0.2890 0.2779
vn 0.4528 0.8810 0.1374
vn 0.8448 -0.4696 0.2563
vn 0.6088 0.7715 0.1847
vn 0.7412 -0.6326 0.2248
vn 0.7412 0.6326 0.2248
vn 0.6088 -0.7715 0.1847
vn 0.8448 0.4696 0.2563
vn 0.4528 -0.8810 0.1374
vn 0.9161 0.2890 0.2779
vn 0.2790 -0.9565 0.0846
vn 0.9524 0.0975 0.2889
vn 0.6831 0.6326 0.3651
vn 0.5611 -0.7715 0.2999
vn 0.7786 0.4696 0.4162
vn 0.4173 -0.8810 0.2230
vn 0.8443 0.2890 0.4513
vn 0.2571 -0.9565 0.1374
vn 0.8777 0.0975 0.4691
vn 0.0869 0.9951 0.0464
vn 0.0869 -0.9951 0.0464
vn 0.8777 -0.0975 0.4691
vn 0.2571 0.9565 0.1374
vn 0.8443 -0.2890 0.4513
vn 0.4173 0.8810 0.2230
vn 0.7786 -0.4696 0.4162
vn 0.5611 0.7715 0.2999
vn 0.6831 -0.6326 0.3651
vn 0.7693 -0.0975 0.6314
vn 0.2254 0.9565 0.1850
vn 0.7400 -0.2890 0.6073
vn 0.3658 0.8810 0.3002
vn 0.6825 -0.4696 0.5601
vn 0.4918 0.7715 0.4036
vn 0.5987 -0.6326 0.4913
vn 0.5987 0.6326 0.4913
vn 0.4918 -0.7715 0.4036
vn 0.6825 0.4696 0.5601
vn 0.3658 -0.8810 0.3002
vn 0.7400 0.2890 0.6073
vn 0.2254 -0.9565 0.1850
vn 0.7693 0.0975 0.6314
vn 0.0761 0.9951 0.0625
vn 0.0761 -0.9951 0.0625
vn 0.4036 -0.7715 0.4918
vn 0.5601 0.4696 0.6825
vn 0.3002 -0.8810 0.3658
vn 0.6073 0.2890 0.7400
vn 0.1850 -0.9565 0.2254
vn 0.6314 0.0975 0.7693
vn 0.0625 0.9951 0.0761
vn 0.0625 -0.9951 0.0761
vn 0.6314 -0.0975 0.7693
vn 0.1850 0.9565 0.2254
vn 0.6073 -0.2890 0.7400
vn 0.3002 0.8810 0.3658
vn 0.5601 -0.4696 0.6825
vn 0.4036 0.7715 0.4918
vn 0.4913 -0.6326 0.5987
vn 0.4913 0.6326 0.5987
vn 0.4513 -0.2890 0.8443
vn 0.2230 0.8810 0.4173
vn 0.4162 -0.4696 0.7786
vn 0.2999 0.7715 0.5611
vn 0.3651 -0.6326 0.6831
vn 0.3651 0.6326 0.6831
vn 0.2999 -0.7715 0.5611
vn 0.4162 0.4696 0.7786
vn 0.2230 -0.8810 0.4173
vn 0.4513 0.2890 0.8443
vn 0.1374 -0.9565 0.2571
vn 0.4691 0.0975 0.8777
vn 0.0464 0.9951 0.0869
vn 0.0464 -0.9951 0.0869
vn 0.4691 -0.0975 0.8777
vn 0.1374 0.9565 0.2571
vn 0.1374 -0.8810 0.4528
vn 0.2779 0.2890 0.9161
vn 0.0846 -0.9565 0.2790
vn 0.2889 0.0975 0.9524
vn 0.0286 0.9951 0.0942
vn 0.0286 -0.9951 0.0942
vn 0.2889 -0.0975 0.9524
vn 0.0846 0.9565 0.2790
vn 0.2779 -0.2890 0.9161
vn 0.1374 0.8810 0.4528
vn 0.2563 -0.4696 0.8448
vn 0.1847 0.7715 0.6088
vn 0.2248 -0.6326 0.7412
vn 0.2248 0.6326 0.7412
vn 0.1847 -0.7715 0.6088
vn 0.2563 0.4696 0.8448
vn 0.0464 0.8810 0.4709
vn 0.0865 -0.4696 0.8786
vn 0.0624 0.7715 0.6332
vn 0.0759 -0.6326 0.7708
vn 0.0759 0.6326 0.7708
vn 0.0624 -0.7715 0.6332
vn 0.0865 0.4696 0.8786
vn 0.0464 -0.8810 0.4709
vn 0.0938 0.2890 0.9527
vn 0.0286 -0.9565 0.2902
vn 0.0975 0.0975 0.9904
vn 0.0097 0.9951 0.0980
vn 0.0097 -0.9951 0.0980
vn 0.0975 -0.0975 0.9904
vn 0.0286 0.9565 0.2902
vn 0.0938 -0.2890 0.9527
vn -0.0938 0.2890 0.9527
vn -0.0286 -0.9565 0.2902
vn -0.0976 0.0975 0.9904
vn -0.0097 0.9951 0.0980
vn -0.0097 -0.9951 0.0980
vn -0.0976 -0.0975 0.9904
vn -0.0286 0.9565 0.2902
vn -0.0938 -0.2890 0.9527
vn -0.0464 0.8810 0.4709
vn -0.0865 -0.4696 0.8786
vn -0.0624 0.7715 0.6332
vn -0.0759 -0.6326 0.7708
vn -0.0759 0.6326 0.7708
vn -0.0624 -0.7715 0.6332
vn -0.0865 0.4696 0.8786
vn -0.0464 -0.8810 0.4709
vn -0.2563 -0.4696 0.8448
vn -0.1847 0.7715 0.6088
vn -0.2248 -0.6326 0.7412
vn -0.2248 0.6326 0.7412
vn -0.1847 -0.7715 0.6088
vn -0.2563 0.4696 0.8448
vn -0.1374 -0.8810 0.4528
vn -0.2779 0.2890 0.9161
vn -0.0846 -0.9565 0.2790
vn -0.2889 0.0975 0.9524
vn -0.0286 0.9951 0.0942
vn -0.0286 -0.9951 0.0942
vn -0.2889 -0.0975 0.9524
vn -0.0846 0.9565 0.2790
vn -0.2779 -0.2890 0.9161
vn -0.1374 0.8810 0.4528
vn -0.1374 -0.9565 0.2571
vn -0.4691 0.0975 0.8777
vn -0.0464 0.9951 0.0869
vn -0.0464 -0.9951 0.0869
vn -0.4691 -0.0975 0.8777
vn -0.1374 0.9565 0.2571
vn -0.4513 -0.2890 0.8443
vn -0.2230 0.8810 0.4173
vn -0.4162 -0.4696 0.7786
vn -0.2999 0.7715 0.5611
vn -0.3651 -0.6326 0.6831
vn -0.3651 0.6326 0.6831
vn -0.2999 -0.7715 0.5611
vn -0.4162 0.4696 0.7786
vn -0.2230 -0.8810 0.4173
vn -0.4513 0.2890 0.8443
vn -0.4036 0.7715 0.4918
vn -0.4913 -0.6326 0.5987
vn -0.4913 0.6326 0.5987
vn -0.4036 -0.7715 0.4918
vn -0.5601 0.4696 0.6825
vn -0.3002 -0.8810 0.3658
vn -0.6073 0.2890 0.7400
vn -0.1850 -0.9565 0.2254
vn -0.6314 0.0975 0.7693
vn -0.0625 0.9951 0.0761
vn -0.0625 -0.9951 0.0761
vn -0.6314 -0.0975 0.7693
vn -0.1850 0.9565 0.2254
vn -0.6073 -0.2890 0.7400
vn -0.3002 0.8810 0.3658
vn -0.5601 -0.4696 0.6825
vn -0.7693 0.0975 0.6314
vn -0.0761 0.9951 0.0625
vn -0.0761 -0.9951 0.0625
vn -0.7693 -0.0975 0.6314
vn -0.2254 0.9565 0.1850
vn -0.7400 -0.2890 0.6073
vn -0.3658 0.8810 0.3002
vn -0.6825 -0.4696 0.5601
vn -0.4918 0.7715 0.4036
vn -0.5987 -0.6326 0.4913
vn -0.5987 0.6326 0.4913
vn -0.4918 -0.7715 0.4036
vn -0.6825 0.4696 0.5601
vn -0.3658 -0.8810 0.3002
vn -0.7400 0.2890 0.6073
vn -0.2254 -0.9565 0.1850
vn -0.6831 -0.6326 0.3651
vn -0.6831 0.6326 0.3651
vn -0.5611 -0.7715 0.2999
vn -0.7786 0.4696 0.4162
vn -0.4173 -0.8810 0.2230
vn -0.8443 0.2890 0.4513
vn -0.2571 -0.9565 0.1374
vn -0.8777 0.0975 0.4691
vn -0.0869 0.9951 0.0464
vn -0.0869 -0.9951 0.0464
vn -0.8777 -0.0975 0.4691
vn -0.2571 0.9565 0.1374
vn -0.8443 -0.2890 0.4513
vn -0.4173 0.8810 0.2230
vn -0.7786 -0.4696 0.4162
vn -0.5611 0.7715 0.2999
vn -0.0942 -0.9951 0.0286
vn -0.9524 -0.0975 0.2889
vn -0.2790 0.9565 0.0846
vn -0.9161 -0.2890 0.2779
vn -0.4528 0.8810 0.1374
vn -0.8448 -0.4696 0.2563
vn -0.6088 0.7715 0.1847
vn -0.7412 -0.6326 0.2248
vn -0.7412 0.6326 0.2248
vn -0.6088 -0.7715 0.1847
vn -0.8448 0.4696 0.2563
vn -0.4528 -0.8810 0.1374
vn -0.9161 0.2890 0.2779
vn -0.2790 -0.9565 0.0846
vn -0.9524 0.0975 0.2889
vn -0.0942 0.9951 0.0286
vn -0.6332 -0.7715 0.0624
vn -0.8786 0.4696 0.0865
vn -0.4709 -0.8810 0.0464
vn -0.9527 0.2890 0.0938
vn -0.2902 -0.9565 0.0286
vn -0.9904 0.0975 0.0975
vn -0.0980 0.9951 0.0097
vn -0.0980 -0.9951 0.0097
vn -0.9904 -0.0975 0.0975
vn -0.2902 0.9565 0.0286
vn -0.9527 -0.2890 0.0938
vn -0.4709 0.8810 0.0464
vn -0.8786 -0.4696 0.0865
vn -0.6332 0.7715 0.0624
vn -0.7708 -0.6326 0.0759
vn -0.7708 0.6326 0.0759
vn -0.2902 0.9565 -0.0286
vn -0.9527 -0.2890 -0.0938
vn -0.4709 0.8810 -0.0464
vn -0.8786 -0.4696 -0.0865
vn -0.6332 0.7715 -0.0624
vn -0.7708 -0.6326 -0.0759
vn -0.7708 0.6326 -0.0759
vn -0.6332 -0.7715 -0.0624
vn -0.8786 0.4696 -0.0865
vn -0.4709 -0.8810 -0.0464
vn -0.9527 0.2890 -0.0938
vn -0.2902 -0.9565 -0.0286
vn -0.9904 0.0975 -0.0976
vn -0.0980 0.9951 -0.0097
vn -0.0980 -0.9951 -0.0097
vn -0.9904 -0.0975 -0.0976
vn -0.8448 0.4696 -0.2563
vn -0.4528 -0.8810 -0.1374
vn -0.9161 0.2890 -0.2779
vn -0.2790 -0.9565 -0.0846
vn -0.9524 0.0975 -0.2889
vn -0.0942 0.9951 -0.0286
vn -0.0942 -0.9951 -0.0286
vn -0.9524 -0.0975 -0.2889
vn -0.2790 0.9565 -0.0846
vn -0.9161 -0.2890 -0.2779
vn -0.4528 0.8810 -0.1374
vn -0.8448 -0.4696 -0.2563
vn -0.6088 0.7715 -0.1847
vn -0.7412 -0.6326 -0.2248
vn -0.7412 0.6326 -0.2248
vn -0.6088 -0.7715 -0.1847
vn -0.8443 -0.2890 -0.4513
vn -0.4173 0.8810 -0.2231
vn -0.7786 -0.4696 -0.4162
vn -0.5611 0.7715 -0.2999
vn -0.6831 -0.6326 -0.3651
vn -0.6831 0.6326 -0.3651
vn -0.5611 -0.7715 -0.2999
vn -0.7786 0.4696 -0.4162
vn -0.4173 -0.8810 -0.2231
vn -0.8443 0.2890 -0.4513
vn -0.2571 -0.9565 -0.1374
vn -0.8777 0.0975 -0.4691
vn -0.0869 0.9951 -0.0464
vn -0.0869 -0.9951 -0.0464
vn -0.8777 -0.0975 -0.4691
vn -0.2571 0.9565 -0.1374
vn -0.3658 -0.8810 -0.3002
vn -0.7400 0.2890 -0.6073
vn -0.2254 -0.9565 -0.1850
vn -0.7693 0.0975 -0.6314
vn -0.0761 0.9951 -0.0625
vn -0.0761 -0.9951 -0.0625
vn -0.7693 -0.0975 -0.6314
vn -0.2254 0.9565 -0.1850
vn -0.7400 -0.2890 -0.6073
vn -0.3658 0.8810 -0.3002
vn -0.6825 -0.4696 -0.5601
vn -0.4918 0.7715 -0.4036
vn -0.5987 -0.6326 -0.4913
vn -0.5987 0.6326 -0.4913
vn -0.4918 -0.7715 -0.4036
vn -0.6825 0.4696 -0.5601
vn -0.3002 0.8810 -0.3658
vn -0.5601 -0.4696 -0.6825
vn -0.4036 0.7715 -0.4918
vn -0.4913 -0.6326 -0.5987
vn -0.4913 0.6326 -0.5987
vn -0.4036 -0.7715 -0.4918
vn -0.5601 0.4696 -0.6825
vn -0.3002 -0.8810 -0.3658
vn -0.6073 0.2890 -0.7400
vn -0.1850 -0.9565 -0.2254
vn -0.6314 0.0975 -0.7693
vn -0.0625 0.9951 -0.0761
vn -0.0625 -0.9951 -0.0761
vn -0.6314 -0.0975 -0.7693
vn -0.1850 0.9565 -0.2254
vn -0.6073 -0.2890 -0.7400
vn -0.4513 0.2890 -0.8443
vn -0.1374 -0.9565 -0.2571
vn -0.4691 0.0975 -0.8777
vn -0.0464 0.9951 -0.0869
vn -0.0464 -0.9951 -0.0869
vn -0.4691 -0.0975 -0.8777
vn -0.1374 0.9565 -0.2571
vn -0.4513 -0.2890 -0.8443
vn -0.2230 0.8810 -0.4173
vn -0.4162 -0.4696 -0.7786
vn -0.2999 0.7715 -0.5611
vn -0.3651 -0.6326 -0.6831
vn -0.3651 0.6326 -0.6831
vn -0.2999 -0.7715 -0.5611
vn -0.4162 0.4696 -0.7786
vn -0.2230 -0.8810 -0.4173
vn -0.2563 -0.4696 -0.8448
vn -0.1847 0.7715 -0.6088
vn -0.2248 -0.6326 -0.7412
vn -0.2248 0.6326 -0.7412
vn -0.1847 -0.7715 -0.6088
vn -0.2563 0.4696 -0.8448
vn -0.1374 -0.8810 -0.4528
vn -0.2779 0.2890 -0.9161
vn -0.0846 -0.9565 -0.2790
vn -0.2889 0.0975 -0.9524
vn -0.0286 0.9951 -0.0942
vn -0.0286 -0.9951 -0.0942
vn -0.2889 -0.0975 -0.9524
vn -0.0846 0.9565 -0.2790
vn -0.2779 -0.2890 -0.9161
vn -0.1374 0.8810 -0.4528
vn -0.0286 -0.9565 -0.2902
vn -0.0976 0.0975 -0.9904
vn -0.0097 0.9951 -0.0980
vn -0.0097 -0.9951 -0.0980
vn -0.0976 -0.0975 -0.9904
vn -0.0286 0.9565 -0.2902
vn -0.0938 -0.2890 -0.9527
vn -0.0464 0.8810 -0.4709
vn -0.0865 -0.4696 -0.8786
vn -0.0624 0.7715 -0.6332
vn -0.0759 -0.6326 -0.7708
vn -0.0759 0.6326 -0.7708
vn -0.0624 -0.7715 -0.6332
vn -0.0865 0.4696 -0.8786
vn -0.0464 -0.8810 -0.4709
vn -0.0938 0.2890 -0.9527
vt 0.750000 0.812500
vt 0.750000 0.687500
vt 0.750000 0.562500
vt 0.750000 0.500000
vt 0.750000 0.437500
vt 0.750000 0.312500
vt 0.718750 0.937500
vt 0.718750 0.875000
vt 0.718750 0.812500
vt 0.718750 0.750000
vt 0.718750 0.687500
vt 0.718750 0.625000
vt 0.718750 0.562500
vt 0.718750 0.500000
vt 0.718750 0.437500
vt 0.718750 0.375000
vt 0.718750 0.312500
vt 0.718750 0.250000
vt 0.718750 0.187500
vt 0.718750 0.125000
vt 0.718750 0.062500
vt 0.687500 0.937500
vt 0.687500 0.875000
vt 0.687500 0.812500
vt 0.687500 0.750000
vt 0.687500 0.687500
vt 0.687500 0.625000
vt 0.687500 0.562500
vt 0.687500 0.500000
vt 0.687500 0.437500
vt 0.687500 0.375000
vt 0.687500 0.312500
vt 0.687500 0.250000
vt 0.687500 0.187500
vt 0.687500 0.125000
vt 0.687500 0.062500
vt 0.656250 0.937500
vt 0.656250 0.875000
vt 0.656250 0.812500
vt 0.656250 0.750000
vt 0.656250 0.687500
vt 0.656250 0.625000
vt 0.656250 0.562500
vt 0.656250 0.500000
vt 0.656250 0.437500
vt 0.656250 0.375000
vt 0.656250 0.312500
vt 0.656250 0.250000
vt 0.656250 0.187500
vt 0.656250 0.125000
vt 0.656250 0.062500
vt 0.625000 0.937500
vt 0.625000 0.875000
vt 0.625000 0.812500
vt 0.625000 0.750000
vt 0.625000 0.687500
vt 0.625000 0.625000
vt 0.625000 0.562500
vt 0.625000 0.500000
vt 0.625000 0.437500
vt 0.625000 0.375000
vt 0.625000 0.312500
vt 0.625000 0.250000
vt 0.625000 0.187500
vt 0.625000 0.125000
vt 0.625000 0.062500
vt 0.593750 0.937500
vt 0.593750 0.875000
vt 0.593750 0.812500
vt 0.593750 0.750000
vt 0.593750 0.687500
vt 0.593750 0.625000
vt 0.593750 0.562500
vt 0.593750 0.500000
vt 0.593750 0.437500
vt 0.593750 0.375000
vt 0.593750 0.312500
vt 0.593750 0.250000
vt 0.593750 0.187500
vt 0.593750 0.125000
vt 0.593750 0.062500
vt 0.734375 1.000000
vt 0.703125 1.000000
vt 0.671875 1.000000
vt 0.640625 1.000000
vt 0.609375 1.000000
vt 0.578125 1.000000
vt 0.546875 1.000000
vt 0.515625 1.000000
vt 0.484375 1.000000
vt 0.453125 1.000000
vt 0.421875 1.000000
vt 0.390625 1.000000
vt 0.359375 1.000000
vt 0.328125 1.000000
vt 0.296875 1.000000
vt 0.265625 1.000000
vt 0.234375 1.000000
vt 0.203125 1.000000
vt 0.171875 1.000000
vt 0.140625 1.000000
vt 0.109375 1.000000
vt 0.078125 1.000000
vt 0.046875 1.000000
vt 0.015625 1.000000
vt 0.984375 1.000000
vt 0.953125 1.000000
vt 0.921875 1.000000
vt 0.890625 1.000000
vt 0.859375 1.000000
vt 0.828125 1.000000
vt 0.796875 1.000000
vt 0.765625 1.000000
vt 0.562500 0.937500
vt 0.562500 0.875000
vt 0.562500 0.812500
vt 0.562500 0.750000
vt 0.562500 0.687500
vt 0.562500 0.625000
vt 0.562500 0.562500
vt 0.562500 0.500000
vt 0.562500 0.437500
vt 0.562500 0.375000
vt 0.562500 0.312500
vt 0.562500 0.250000
vt 0.562500 0.187500
vt 0.562500 0.125000
vt 0.562500 0.062500
vt 0.531250 0.937500
vt 0.531250 0.875000
vt 0.531250 0.812500
vt 0.531250 0.750000
vt 0.531250 0.687500
vt 0.531250 0.625000
vt 0.531250 0.562500
vt 0.531250 0.500000
vt 0.531250 0.437500
vt 0.531250 0.375000
vt 0.531250 0.312500
vt 0.531250 0.250000
vt 0.531250 0.187500
vt 0.531250 0.125000
vt 0.531250 0.062500
vt 0.500000 0.937500
vt 0.500000 0.875000
vt 0.500000 0.812500
vt 0.500000 0.750000
vt 0.500000 0.687500
vt 0.500000 0.625000
vt 0.500000 0.562500
vt 0.500000 0.500000
vt 0.500000 0.437500
vt 0.500000 0.375000
vt 0.500000 0.312500
vt 0.500000 0.250000
vt 0.500000 0.187500
vt 0.500000 0.125000
vt 0.500000 0.062500
vt 0.468750 0.937500
vt 0.468750 0.875000
vt 0.468750 0.812500
vt 0.468750 0.750000
vt 0.468750 0.687500
vt 0.468750 0.625000
vt 0.468750 0.562500
vt 0.468750 0.500000
vt 0.468750 0.437500
vt 0.468750 0.375000
vt 0.468750 0.312500
vt 0.468750 0.250000
vt 0.468750 0.187500
vt 0.468750 0.125000
vt 0.468750 0.062500
vt 0.437500 0.937500
vt 0.437500 0.875000
vt 0.437500 0.812500
vt 0.437500 0.750000
vt 0.437500 0.687500
vt 0.437500 0.625000
vt 0.437500 0.562500
vt 0.437500 0.500000
vt 0.437500 0.437500
vt 0.437500 0.375000
vt 0.437500 0.312500
vt 0.437500 0.250000
vt 0.437500 0.187500
vt 0.437500 0.125000
vt 0.437500 0.062500
vt 0.406250 0.937500
vt 0.406250 0.875000
vt 0.406250 0.812500
vt 0.406250 0.750000
vt 0.406250 0.687500
vt 0.406250 0.625000
vt 0.406250 0.562500
vt 0.406250 0.500000
vt 0.406250 0.437500
vt 0.406250 0.375000
vt 0.406250 0.312500
vt 0.406250 0.250000
vt 0.406250 0.187500
vt 0.406250 0.125000
vt 0.406250 0.062500
vt 0.375000 0.937500
vt 0.375000 0.875000
vt 0.375000 0.812500
vt 0.375000 0.750000
vt 0.375000 0.687500
vt 0.375000 0.625000
vt 0.375000 0.562500
vt 0.375000 0.500000
vt 0.375000 0.437500
vt 0.375000 0.375000
vt 0.375000 0.312500
vt 0.375000 0.250000
vt 0.375000 0.187500
vt 0.375000 0.125000
vt 0.375000 0.062500
vt 0.343750 0.937500
vt 0.343750 0.875000
vt 0.343750 0.812500
vt 0.343750 0.750000
vt 0.343750 0.687500
vt 0.343750 0.625000
vt 0.343750 0.562500
vt 0.343750 0.500000
vt 0.343750 0.437500
vt 0.343750 0.375000
vt 0.343750 0.312500
vt 0.343750 0.250000
vt 0.343750 0.187500
vt 0.343750 0.125000
vt 0.343750 0.062500
vt 0.312500 0.937500
vt 0.312500 0.875000
vt 0.312500 0.812500
vt 0.312500 0.750000
vt 0.312500 0.687500
vt 0.312500 0.625000
vt 0.312500 0.562500
vt 0.312500 0.500000
vt 0.312500 0.437500
vt 0.312500 0.375000
vt 0.312500 0.312500
vt 0.312500 0.250000
vt 0.312500 0.187500
vt 0.312500 0.125000
vt 0.312500 0.062500
vt 0.281250 0.937500
vt 0.281250 0.875000
vt 0.281250 0.812500
vt 0.281250 0.750000
vt 0.281250 0.687500
vt 0.281250 0.625000
vt 0.281250 0.562500
vt 0.281250 0.500000
vt 0.281250 0.437500
vt 0.281250 0.375000
vt 0.281250 0.312500
vt 0.281250 0.250000
vt 0.281250 0.187500
vt 0.281250 0.125000
vt 0.281250 0.062500
vt 0.250000 0.937500
vt 0.250000 0.875000
vt 0.250000 0.812500
vt 0.250000 0.750000
vt 0.250000 0.687500
vt 0.250000 0.625000
vt 0.250000 0.562500
vt 0.250000 0.500000
vt 0.250000 0.437500
vt 0.250000 0.375000
vt 0.250000 0.312500
vt 0.250000 0.250000
vt 0.250000 0.187500
vt 0.250000 0.125000
vt 0.250000 0.062500
vt 0.218750 0.937500
vt 0.218750 0.875000
vt 0.218750 0.812500
vt 0.218750 0.750000
vt 0.218750 0.687500
vt 0.218750 0.625000
vt 0.218750 0.562500
vt 0.218750 0.500000
vt 0.218750 0.437500
vt 0.218750 0.375000
vt 0.218750 0.312500
vt 0.218750 0.250000
vt 0.218750 0.187500
vt 0.218750 0.125000
vt 0.218750 0.062500
vt 0.187500 0.937500
vt 0.187500 0.875000
vt 0.187500 0.812500
vt 0.187500 0.750000
vt 0.187500 0.687500
vt 0.187500 0.625000
vt 0.187500 0.562500
vt 0.187500 0.500000
vt 0.187500 0.437500
vt 0.187500 0.375000
vt 0.187500 0.312500
vt 0.187500 0.250000
vt 0.187500 0.187500
vt 0.187500 0.125000
vt 0.187500 0.062500
vt 0.156250 0.937500
vt 0.156250 0.875000
vt 0.156250 0.812500
vt 0.156250 0.750000
vt 0.156250 0.687500
vt 0.156250 0.625000
vt 0.156250 0.562500
vt 0.156250 0.500000
vt 0.156250 0.437500
vt 0.156250 0.375000
vt 0.156250 0.312500
vt 0.156250 0.250000
vt 0.156250 0.187500
vt 0.156250 0.125000
vt 0.156250 0.062500
vt 0.125000 0.937500
vt 0.125000 0.875000
vt 0.125000 0.812500
vt 0.125000 0.750000
vt 0.125000 0.687500
vt 0.125000 0.625000
vt 0.125000 0.562500
vt 0.125000 0.500000
vt 0.125000 0.437500
vt 0.125000 0.375000
vt 0.125000 0.312500
vt 0.125000 0.250000
vt 0.125000 0.187500
vt 0.125000 0.125000
vt 0.125000 0.062500
vt 0.734375 0.000000
vt 0.703125 0.000000
vt 0.671875 0.000000
vt 0.640625 0.000000
vt 0.609375 0.000000
vt 0.578125 0.000000
vt 0.546875 0.000000
vt 0.515625 0.000000
vt 0.484375 0.000000
vt 0.453125 0.000000
vt 0.421875 0.000000
vt 0.390625 0.000000
vt 0.359375 0.000000
vt 0.328125 0.000000
vt 0.296875 0.000000
vt 0.265625 0.000000
vt 0.234375 0.000000
vt 0.203125 0.000000
vt 0.171875 0.000000
vt 0.140625 0.000000
vt 0.109375 0.000000
vt 0.078125 0.000000
vt 0.046875 0.000000
vt 0.015625 0.000000
vt 0.984375 0.000000
vt 0.953125 0.000000
vt 0.921875 0.000000
vt 0.890625 0.000000
vt 0.859375 0.000000
vt 0.828125 0.000000
vt 0.796875 0.000000
vt 0.765625 0.000000
vt 0.093750 0.937500
vt 0.093750 0.875000
vt 0.093750 0.812500
vt 0.093750 0.750000
vt 0.093750 0.687500
vt 0.093750 0.625000
vt 0.093750 0.562500
vt 0.093750 0.500000
vt 0.093750 0.437500
vt 0.093750 0.375000
vt 0.093750 0.312500
vt 0.093750 0.250000
vt 0.093750 0.187500
vt 0.093750 0.125000
vt 0.093750 0.062500
vt 0.062500 0.937500
vt 0.062500 0.875000
vt 0.062500 0.812500
vt 0.062500 0.750000
vt 0.062500 0.687500
vt 0.062500 0.625000
vt 0.062500 0.562500
vt 0.062500 0.500000
vt 0.062500 0.437500
vt 0.062500 0.375000
vt 0.062500 0.312500
vt 0.062500 0.250000
vt 0.062500 0.187500
vt 0.062500 0.125000
vt 0.062500 0.062500
vt 0.031250 0.937500
vt 0.031250 0.875000
vt 0.031250 0.812500
vt 0.031250 0.750000
vt 0.031250 0.687500
vt 0.031250 0.625000
vt 0.031250 0.562500
vt 0.031250 0.500000
vt 0.031250 0.437500
vt 0.031250 0.375000
vt 0.031250 0.312500
vt 0.031250 0.250000
vt 0.031250 0.187500
vt 0.031250 0.125000
vt 0.031250 0.062500
vt 0.000000 0.937500
vt 1.000000 0.937500
vt 0.000000 0.875000
vt 1.000000 0.875000
vt 0.000000 0.812500
vt 1.000000 0.812500
vt 0.000000 0.750000
vt 1.000000 0.750000
vt 0.000000 0.687500
vt 1.000000 0.687500
vt 0.000000 0.625000
vt 1.000000 0.625000
vt 0.000000 0.562500
vt 1.000000 0.562500
vt 0.000000 0.500000
vt 1.000000 0.500000
vt 0.000000 0.437500
vt 1.000000 0.437500
vt 0.000000 0.375000
vt 1.000000 0.375000
vt 0.000000 0.312500
vt 1.000000 0.312500
vt 0.000000 0.250000
vt 1.000000 0.250000
vt 0.000000 0.187500
vt 1.000000 0.187500
vt 0.000000 0.125000
vt 1.000000 0.125000
vt 0.000000 0.062500
vt 1.000000 0.062500
vt 0.968750 0.937500
vt 0.968750 0.875000
vt 0.968750 0.812500
vt 0.968750 0.750000
vt 0.968750 0.687500
vt 0.968750 0.625000
vt 0.968750 0.562500
vt 0.968750 0.500000
vt 0.968750 0.437500
vt 0.968750 0.375000
vt 0.968750 0.312500
vt 0.968750 0.250000
vt 0.968750 0.187500
vt 0.968750 0.125000
vt 0.968750 0.062500
vt 0.937500 0.937500
vt 0.937500 0.875000
vt 0.937500 0.812500
vt 0.937500 0.750000
vt 0.937500 0.687500
vt 0.937500 0.625000
vt 0.937500 0.562500
vt 0.937500 0.500000
vt 0.937500 0.437500
vt 0.937500 0.375000
vt 0.937500 0.312500
vt 0.937500 0.250000
vt 0.937500 0.187500
vt 0.937500 0.125000
vt 0.937500 0.062500
vt 0.906250 0.937500
vt 0.906250 0.875000
vt 0.906250 0.812500
vt 0.906250 0.750000
vt 0.906250 0.687500
vt 0.906250 0.625000
vt 0.906250 0.562500
vt 0.906250 0.500000
vt 0.906250 0.437500
vt 0.906250 0.375000
vt 0.906250 0.312500
vt 0.906250 0.250000
vt 0.906250 0.187500
vt 0.906250 0.125000
vt 0.906250 0.062500
vt 0.875000 0.937500
vt 0.875000 0.875000
vt 0.875000 0.812500
vt 0.875000 0.750000
vt 0.875000 0.687500
vt 0.875000 0.625000
vt 0.875000 0.562500
vt 0.875000 0.500000
vt 0.875000 0.437500
vt 0.875000 0.375000
vt 0.875000 0.312500
vt 0.875000 0.250000
vt 0.875000 0.187500
vt 0.875000 0.125000
vt 0.875000 0.062500
vt 0.843750 0.937500
vt 0.843750 0.875000
vt 0.843750 0.812500
vt 0.843750 0.750000
vt 0.843750 0.687500
vt 0.843750 0.625000
vt 0.843750 0.562500
vt 0.843750 0.500000
vt 0.843750 0.437500
vt 0.843750 0.375000
vt 0.843750 0.312500
vt 0.843750 0.250000
vt 0.843750 0.187500
vt 0.843750 0.125000
vt 0.843750 0.062500
vt 0.812500 0.937500
vt 0.812500 0.875000
vt 0.812500 0.812500
vt 0.812500 0.750000
vt 0.812500 0.687500
vt 0.812500 0.625000
vt 0.812500 0.562500
vt 0.812500 0.500000
vt 0.812500 0.437500
vt 0.812500 0.375000
vt 0.812500 0.312500
vt 0.812500 0.250000
vt 0.812500 0.187500
vt 0.812500 0.125000
vt 0.812500 0.062500
vt 0.781250 0.937500
vt 0.781250 0.875000
vt 0.781250 0.812500
vt 0.781250 0.750000
vt 0.781250 0.687500
vt 0.781250 0.625000
vt 0.781250 0.562500
vt 0.781250 0.500000
vt 0.781250 0.437500
vt 0.781250 0.375000
vt 0.781250 0.312500
vt 0.781250 0.250000
vt 0.781250 0.187500
vt 0.781250 0.125000
vt 0.781250 0.062500
vt 0.750000 0.937500
vt 0.750000 0.875000
vt 0.750000 0.750000
vt 0.750000 0.625000
vt 0.750000 0.375000
vt 0.750000 0.250000
vt 0.750000 0.187500
vt 0.750000 0.125000
vt 0.750000 0.062500
s 0
usemtl Material.002
f 1458/1689/1030 1457/1688/1030 996/1150/1030 997/1151/1030
f 980/1134/1031 979/1133/1031 989/1143/1031 990/1144/1031
f 1450/1681/1032 1058/1212/1032 983/1137/1032
f 1284/1469/1033 1458/1689/1033 997/1151/1033
f 981/1135/1034 980/1134/1034 990/1144/1034 991/1145/1034
f 1451/1682/1035 1450/1681/1035 983/1137/1035 984/1138/1035
f 1454/1685/1036 981/1135/1036 991/1145/1036 992/1146/1036
f 977/1131/1037 1451/1682/1037 984/1138/1037 985/1139/1037
f 982/1136/1038 1454/1685/1038 992/1146/1038 993/1147/1038
f 1452/1683/1039 977/1131/1039 985/1139/1039 986/1140/1039
f 1455/1686/1040 982/1136/1040 993/1147/1040 994/1148/1040
f 978/1132/1041 1452/1683/1041 986/1140/1041 987/1141/1041
f 1456/1687/1042 1455/1686/1042 994/1148/1042 995/1149/1042
f 1453/1684/1043 978/1132/1043 987/1141/1043 988/1142/1043
f 1457/1688/1044 1456/1687/1044 995/1149/1044 996/1150/1044
f 979/1133/1045 1453/1684/1045 988/1142/1045 989/1143/1045
f 988/1142/1046 987/1141/1046 1002/1156/1046 1003/1157/1046
f 996/1150/1047 995/1149/1047 1010/1164/1047 1011/1165/1047
f 989/1143/1048 988/1142/1048 1003/1157/1048 1004/1158/1048
f 997/1151/1049 996/1150/1049 1011/1165/1049 1012/1166/1049
f 990/1144/1050 989/1143/1050 1004/1158/1050 1005/1159/1050
f 983/1137/1051 1058/1213/1051 998/1152/1051
f 1284/1470/1052 997/1151/1052 1012/1166/1052
f 991/1145/1053 990/1144/1053 1005/1159/1053 1006/1160/1053
f 984/1138/1054 983/1137/1054 998/1152/1054 999/1153/1054
f 992/1146/1055 991/1145/1055 1006/1160/1055 1007/1161/1055
f 985/1139/1056 984/1138/1056 999/1153/1056 1000/1154/1056
f 993/1147/1057 992/1146/1057 1007/1161/1057 1008/1162/1057
f 986/1140/1058 985/1139/1058 1000/1154/1058 1001/1155/1058
f 994/1148/1059 993/1147/1059 1008/1162/1059 1009/1163/1059
f 987/1141/1060 986/1140/1060 1001/1155/1060 1002/1156/1060
f 995/1149/1061 994/1148/1061 1009/1163/1061 1010/1164/1061
f 1007/1161/1062 1006/1160/1062 1021/1175/1062 1022/1176/1062
f 1000/1154/1063 999/1153/1063 1014/1168/1063 1015/1169/1063
f 1008/1162/1064 1007/1161/1064 1022/1176/1064 1023/1177/1064
f 1001/1155/1065 1000/1154/1065 1015/1169/1065 1016/1170/1065
f 1009/1163/1066 1008/1162/1066 1023/1177/1066 1024/1178/1066
f 1002/1156/1067 1001/1155/1067 1016/1170/1067 1017/1171/1067
f 1010/1164/1068 1009/1163/1068 1024/1178/1068 1025/1179/1068
f 1003/1157/1069 1002/1156/1069 1017/1171/1069 1018/1172/1069
f 1011/1165/1070 1010/1164/1070 1025/1179/1070 1026/1180/1070
f 1004/1158/1071 1003/1157/1071 1018/1172/1071 1019/1173/1071
f 1012/1166/1072 1011/1165/1072 1026/1180/1072 1027/1181/1072
f 1005/1159/1073 1004/1158/1073 1019/1173/1073 1020/1174/1073
f 998/1152/1074 1058/1214/1074 1013/1167/1074
f 1284/1471/1075 1012/1166/1075 1027/1181/1075
f 1006/1160/1076 1005/1159/1076 1020/1174/1076 1021/1175/1076
f 999/1153/1077 998/1152/1077 1013/1167/1077 1014/1168/1077
f 1026/1180/1078 1025/1179/1078 1040/1194/1078 1041/1195/1078
f 1019/1173/1079 1018/1172/1079 1033/1187/1079 1034/1188/1079
f 1027/1181/1080 1026/1180/1080 1041/1195/1080 1042/1196/1080
f 1020/1174/1081 1019/1173/1081 1034/1188/1081 1035/1189/1081
f 1013/1167/1082 1058/1215/1082 1028/1182/1082
f 1284/1472/1083 1027/1181/1083 1042/1196/1083
f 1021/1175/1084 1020/1174/1084 1035/1189/1084 1036/1190/1084
f 1014/1168/1085 1013/1167/1085 1028/1182/1085 1029/1183/1085
f 1022/1176/1086 1021/1175/1086 1036/1190/1086 1037/1191/1086
f 1015/1169/1087 1014/1168/1087 1029/1183/1087 1030/1184/1087
f 1023/1177/1088 1022/1176/1088 1037/1191/1088 1038/1192/1088
f 1016/1170/1089 1015/1169/1089 1030/1184/1089 1031/1185/1089
f 1024/1178/1090 1023/1177/1090 1038/1192/1090 1039/1193/1090
f 1017/1171/1091 1016/1170/1091 1031/1185/1091 1032/1186/1091
f 1025/1179/1092 1024/1178/1092 1039/1193/1092 1040/1194/1092
f 1018/1172/1093 1017/1171/1093 1032/1186/1093 1033/1187/1093
f 1038/1192/1094 1037/1191/1094 1052/1206/1094 1053/1207/1094
f 1031/1185/1095 1030/1184/1095 1045/1199/1095 1046/1200/1095
f 1039/1193/1096 1038/1192/1096 1053/1207/1096 1054/1208/1096
f 1032/1186/1097 1031/1185/1097 1046/1200/1097 1047/1201/1097
f 1040/1194/1098 1039/1193/1098 1054/1208/1098 1055/1209/1098
f 1033/1187/1099 1032/1186/1099 1047/1201/1099 1048/1202/1099
f 1041/1195/1100 1040/1194/1100 1055/1209/1100 1056/1210/1100
f 1034/1188/1101 1033/1187/1101 1048/1202/1101 1049/1203/1101
f 1042/1196/1102 1041/1195/1102 1056/1210/1102 1057/1211/1102
f 1035/1189/1103 1034/1188/1103 1049/1203/1103 1050/1204/1103
f 1028/1182/1104 1058/1216/1104 1043/1197/1104
f 1284/1473/1105 1042/1196/1105 1057/1211/1105
f 1036/1190/1106 1035/1189/1106 1050/1204/1106 1051/1205/1106
f 1029/1183/1107 1028/1182/1107 1043/1197/1107 1044/1198/1107
f 1037/1191/1108 1036/1190/1108 1051/1205/1108 1052/1206/1108
f 1030/1184/1109 1029/1183/1109 1044/1198/1109 1045/1199/1109
f 1057/1211/1110 1056/1210/1110 1072/1257/1110 1073/1258/1110
f 1050/1204/1111 1049/1203/1111 1065/1250/1111 1066/1251/1111
f 1043/1197/1112 1058/1217/1112 1059/1244/1112
f 1284/1474/1113 1057/1211/1113 1073/1258/1113
f 1051/1205/1114 1050/1204/1114 1066/1251/1114 1067/1252/1114
f 1044/1198/1115 1043/1197/1115 1059/1244/1115 1060/1245/1115
f 1052/1206/1116 1051/1205/1116 1067/1252/1116 1068/1253/1116
f 1045/1199/1117 1044/1198/1117 1060/1245/1117 1061/1246/1117
f 1053/1207/1118 1052/1206/1118 1068/1253/1118 1069/1254/1118
f 1046/1200/1119 1045/1199/1119 1061/1246/1119 1062/1247/1119
f 1054/1208/1120 1053/1207/1120 1069/1254/1120 1070/1255/1120
f 1047/1201/1121 1046/1200/1121 1062/1247/1121 1063/1248/1121
f 1055/1209/1122 1054/1208/1122 1070/1255/1122 1071/1256/1122
f 1048/1202/1123 1047/1201/1123 1063/1248/1123 1064/1249/1123
f 1056/1210/1124 1055/1209/1124 1071/1256/1124 1072/1257/1124
f 1049/1203/1125 1048/1202/1125 1064/1249/1125 1065/1250/1125
f 1062/1247/1126 1061/1246/1126 1076/1261/1126 1077/1262/1126
f 1070/1255/1127 1069/1254/1127 1084/1269/1127 1085/1270/1127
f 1063/1248/1128 1062/1247/1128 1077/1262/1128 1078/1263/1128
f 1071/1256/1129 1070/1255/1129 1085/1270/1129 1086/1271/1129
f 1064/1249/1130 1063/1248/1130 1078/1263/1130 1079/1264/1130
f 1072/1257/1131 1071/1256/1131 1086/1271/1131 1087/1272/1131
f 1065/1250/1132 1064/1249/1132 1079/1264/1132 1080/1265/1132
f 1073/1258/1133 1072/1257/1133 1087/1272/1133 1088/1273/1133
f 1066/1251/1134 1065/1250/1134 1080/1265/1134 1081/1266/1134
f 1059/1244/1135 1058/1218/1135 1074/1259/1135
f 1284/1475/1136 1073/1258/1136 1088/1273/1136
f 1067/1252/1137 1066/1251/1137 1081/1266/1137 1082/1267/1137
f 1060/1245/1138 1059/1244/1138 1074/1259/1138 1075/1260/1138
f 1068/1253/1139 1067/1252/1139 1082/1267/1139 1083/1268/1139
f 1061/1246/1140 1060/1245/1140 1075/1260/1140 1076/1261/1140
f 1069/1254/1141 1068/1253/1141 1083/1268/1141 1084/1269/1141
f 1081/1266/1142 1080/1265/1142 1095/1280/1142 1096/1281/1142
f 1074/1259/1143 1058/1219/1143 1089/1274/1143
f 1284/1476/1144 1088/1273/1144 1103/1288/1144
f 1082/1267/1145 1081/1266/1145 1096/1281/1145 1097/1282/1145
f 1075/1260/1146 1074/1259/1146 1089/1274/1146 1090/1275/1146
f 1083/1268/1147 1082/1267/1147 1097/1282/1147 1098/1283/1147
f 1076/1261/1148 1075/1260/1148 1090/1275/1148 1091/1276/1148
f 1084/1269/1149 1083/1268/1149 1098/1283/1149 1099/1284/1149
f 1077/1262/1150 1076/1261/1150 1091/1276/1150 1092/1277/1150
f 1085/1270/1151 1084/1269/1151 1099/1284/1151 1100/1285/1151
f 1078/1263/1152 1077/1262/1152 1092/1277/1152 1093/1278/1152
f 1086/1271/1153 1085/1270/1153 1100/1285/1153 1101/1286/1153
f 1079/1264/1154 1078/1263/1154 1093/1278/1154 1094/1279/1154
f 1087/1272/1155 1086/1271/1155 1101/1286/1155 1102/1287/1155
f 1080/1265/1156 1079/1264/1156 1094/1279/1156 1095/1280/1156
f 1088/1273/1157 1087/1272/1157 1102/1287/1157 1103/1288/1157
f 1100/1285/1158 1099/1284/1158 1114/1299/1158 1115/1300/1158
f 1093/1278/1159 1092/1277/1159 1107/1292/1159 1108/1293/1159
f 1101/1286/1160 1100/1285/1160 1115/1300/1160 1116/1301/1160
f 1094/1279/1161 1093/1278/1161 1108/1293/1161 1109/1294/1161
f 1102/1287/1162 1101/1286/1162 1116/1301/1162 1117/1302/1162
f 1095/1280/1163 1094/1279/1163 1109/1294/1163 1110/1295/1163
f 1103/1288/1164 1102/1287/1164 1117/1302/1164 1118/1303/1164
f 1096/1281/1165 1095/1280/1165 1110/1295/1165 1111/1296/1165
f 1089/1274/1166 1058/1220/1166 1104/1289/1166
f 1284/1477/1167 1103/1288/1167 1118/1303/1167
f 1097/1282/1168 1096/1281/1168 1111/1296/1168 1112/1297/1168
f 1090/1275/1169 1089/1274/1169 1104/1289/1169 1105/1290/1169
f 1098/1283/1170 1097/1282/1170 1112/1297/1170 1113/1298/1170
f 1091/1276/1171 1090/1275/1171 1105/1290/1171 1106/1291/1171
f 1099/1284/1172 1098/1283/1172 1113/1298/1172 1114/1299/1172
f 1092/1277/1173 1091/1276/1173 1106/1291/1173 1107/1292/1173
f 1104/1289/1174 1058/1221/1174 1119/1304/1174
f 1284/1478/1175 1118/1303/1175 1133/1318/1175
f 1112/1297/1176 1111/1296/1176 1126/1311/1176 1127/1312/1176
f 1105/1290/1177 1104/1289/1177 1119/1304/1177 1120/1305/1177
f 1113/1298/1178 1112/1297/1178 1127/1312/1178 1128/1313/1178
f 1106/1291/1179 1105/1290/1179 1120/1305/1179 1121/1306/1179
f 1114/1299/1180 1113/1298/1180 1128/1313/1180 1129/1314/1180
f 1107/1292/1181 1106/1291/1181 1121/1306/1181 1122/1307/1181
f 1115/1300/1182 1114/1299/1182 1129/1314/1182 1130/1315/1182
f 1108/1293/1183 1107/1292/1183 1122/1307/1183 1123/1308/1183
f 1116/1301/1184 1115/1300/1184 1130/1315/1184 1131/1316/1184
f 1109/1294/1185 1108/1293/1185 1123/1308/1185 1124/1309/1185
f 1117/1302/1186 1116/1301/1186 1131/1316/1186 1132/1317/1186
f 1110/1295/1187 1109/1294/1187 1124/1309/1187 1125/1310/1187
f 1118/1303/1188 1117/1302/1188 1132/1317/1188 1133/1318/1188
f 1111/1296/1189 1110/1295/1189 1125/1310/1189 1126/1311/1189
f 1123/1308/1190 1122/1307/1190 1137/1322/1190 1138/1323/1190
f 1131/1316/1191 1130/1315/1191 1145/1330/1191 1146/1331/1191
f 1124/1309/1192 1123/1308/1192 1138/1323/1192 1139/1324/1192
f 1132/1317/1193 1131/1316/1193 1146/1331/1193 1147/1332/1193
f 1125/1310/1194 1124/1309/1194 1139/1324/1194 1140/1325/1194
f 1133/1318/1195 1132/1317/1195 1147/1332/1195 1148/1333/1195
f 1126/1311/1196 1125/1310/1196 1140/1325/1196 1141/1326/1196
f 1119/1304/1197 1058/1222/1197 1134/1319/1197
f 1284/1479/1198 1133/1318/1198 1148/1333/1198
f 1127/1312/1199 1126/1311/1199 1141/1326/1199 1142/1327/1199
f 1120/1305/1200 1119/1304/1200 1134/1319/1200 1135/1320/1200
f 1128/1313/1201 1127/1312/1201 1142/1327/1201 1143/1328/1201
f 1121/1306/1202 1120/1305/1202 1135/1320/1202 1136/1321/1202
f 1129/1314/1203 1128/1313/1203 1143/1328/1203 1144/1329/1203
f 1122/1307/1204 1121/1306/1204 1136/1321/1204 1137/1322/1204
f 1130/1315/1205 1129/1314/1205 1144/1329/1205 1145/1330/1205
f 1142/1327/1206 1141/1326/1206 1156/1341/1206 1157/1342/1206
f 1135/1320/1207 1134/1319/1207 1149/1334/1207 1150/1335/1207
f 1143/1328/1208 1142/1327/1208 1157/1342/1208 1158/1343/1208
f 1136/1321/1209 1135/1320/1209 1150/1335/1209 1151/1336/1209
f 1144/1329/1210 1143/1328/1210 1158/1343/1210 1159/1344/1210
f 1137/1322/1211 1136/1321/1211 1151/1336/1211 1152/1337/1211
f 1145/1330/1212 1144/1329/1212 1159/1344/1212 1160/1345/1212
f 1138/1323/1213 1137/1322/1213 1152/1337/1213 1153/1338/1213
f 1146/1331/1214 1145/1330/1214 1160/1345/1214 1161/1346/1214
f 1139/1324/1215 1138/1323/1215 1153/1338/1215 1154/1339/1215
f 1147/1332/1216 1146/1331/1216 1161/1346/1216 1162/1347/1216
f 1140/1325/1217 1139/1324/1217 1154/1339/1217 1155/1340/1217
f 1148/1333/1218 1147/1332/1218 1162/1347/1218 1163/1348/1218
f 1141/1326/1219 1140/1325/1219 1155/1340/1219 1156/1341/1219
f 1134/1319/1220 1058/1223/1220 1149/1334/1220
f 1284/1480/1221 1148/1333/1221 1163/1348/1221
f 1161/1346/1222 1160/1345/1222 1175/1360/1222 1176/1361/1222
f 1154/1339/1223 1153/1338/1223 1168/1353/1223 1169/1354/1223
f 1162/1347/1224 1161/1346/1224 1176/1361/1224 1177/1362/1224
f 1155/1340/1225 1154/1339/1225 1169/1354/1225 1170/1355/1225
f 1163/1348/1226 1162/1347/1226 1177/1362/1226 1178/1363/1226
f 1156/1341/1227 1155/1340/1227 1170/1355/1227 1171/1356/1227
f 1149/1334/1228 1058/1224/1228 1164/1349/1228
f 1284/1481/1229 1163/1348/1229 1178/1363/1229
f 1157/1342/1230 1156/1341/1230 1171/1356/1230 1172/1357/1230
f 1150/1335/1231 1149/1334/1231 1164/1349/1231 1165/1350/1231
f 1158/1343/1232 1157/1342/1232 1172/1357/1232 1173/1358/1232
f 1151/1336/1233 1150/1335/1233 1165/1350/1233 1166/1351/1233
f 1159/1344/1234 1158/1343/1234 1173/1358/1234 1174/1359/1234
f 1152/1337/1235 1151/1336/1235 1166/1351/1235 1167/1352/1235
f 1160/1345/1236 1159/1344/1236 1174/1359/1236 1175/1360/1236
f 1153/1338/1237 1152/1337/1237 1167/1352/1237 1168/1353/1237
f 1173/1358/1238 1172/1357/1238 1187/1372/1238 1188/1373/1238
f 1166/1351/1239 1165/1350/1239 1180/1365/1239 1181/1366/1239
f 1174/1359/1240 1173/1358/1240 1188/1373/1240 1189/1374/1240
f 1167/1352/1241 1166/1351/1241 1181/1366/1241 1182/1367/1241
f 1175/1360/1242 1174/1359/1242 1189/1374/1242 1190/1375/1242
f 1168/1353/1243 1167/1352/1243 1182/1367/1243 1183/1368/1243
f 1176/1361/1244 1175/1360/1244 1190/1375/1244 1191/1376/1244
f 1169/1354/1245 1168/1353/1245 1183/1368/1245 1184/1369/1245
f 1177/1362/1246 1176/1361/1246 1191/1376/1246 1192/1377/1246
f 1170/1355/1247 1169/1354/1247 1184/1369/1247 1185/1370/1247
f 1178/1363/1248 1177/1362/1248 1192/1377/1248 1193/1378/1248
f 1171/1356/1249 1170/1355/1249 1185/1370/1249 1186/1371/1249
f 1164/1349/1250 1058/1225/1250 1179/1364/1250
f 1284/1482/1251 1178/1363/1251 1193/1378/1251
f 1172/1357/1252 1171/1356/1252 1186/1371/1252 1187/1372/1252
f 1165/1350/1253 1164/1349/1253 1179/1364/1253 1180/1365/1253
f 1192/1377/1254 1191/1376/1254 1206/1391/1254 1207/1392/1254
f 1185/1370/1255 1184/1369/1255 1199/1384/1255 1200/1385/1255
f 1193/1378/1256 1192/1377/1256 1207/1392/1256 1208/1393/1256
f 1186/1371/1257 1185/1370/1257 1200/1385/1257 1201/1386/1257
f 1179/1364/1258 1058/1226/1258 1194/1379/1258
f 1284/1483/1259 1193/1378/1259 1208/1393/1259
f 1187/1372/1260 1186/1371/1260 1201/1386/1260 1202/1387/1260
f 1180/1365/1261 1179/1364/1261 1194/1379/1261 1195/1380/1261
f 1188/1373/1262 1187/1372/1262 1202/1387/1262 1203/1388/1262
f 1181/1366/1263 1180/1365/1263 1195/1380/1263 1196/1381/1263
f 1189/1374/1264 1188/1373/1264 1203/1388/1264 1204/1389/1264
f 1182/1367/1265 1181/1366/1265 1196/1381/1265 1197/1382/1265
f 1190/1375/1266 1189/1374/1266 1204/1389/1266 1205/1390/1266
f 1183/1368/1267 1182/1367/1267 1197/1382/1267 1198/1383/1267
f 1191/1376/1268 1190/1375/1268 1205/1390/1268 1206/1391/1268
f 1184/1369/1269 1183/1368/1269 1198/1383/1269 1199/1384/1269
f 1196/1381/1270 1195/1380/1270 1210/1395/1270 1211/1396/1270
f 1204/1389/1271 1203/1388/1271 1218/1403/1271 1219/1404/1271
f 1197/1382/1272 1196/1381/1272 1211/1396/1272 1212/1397/1272
f 1205/1390/1273 1204/1389/1273 1219/1404/1273 1220/1405/1273
f 1198/1383/1274 1197/1382/1274 1212/1397/1274 1213/1398/1274
f 1206/1391/1275 1205/1390/1275 1220/1405/1275 1221/1406/1275
f 1199/1384/1276 1198/1383/1276 1213/1398/1276 1214/1399/1276
f 1207/1392/1277 1206/1391/1277 1221/1406/1277 1222/1407/1277
f 1200/1385/1278 1199/1384/1278 1214/1399/1278 1215/1400/1278
f 1208/1393/1279 1207/1392/1279 1222/1407/1279 1223/1408/1279
f 1201/1386/1280 1200/1385/1280 1215/1400/1280 1216/1401/1280
f 1194/1379/1281 1058/1227/1281 1209/1394/1281
f 1284/1484/1282 1208/1393/1282 1223/1408/1282
f 1202/1387/1283 1201/1386/1283 1216/1401/1283 1217/1402/1283
f 1195/1380/1284 1194/1379/1284 1209/1394/1284 1210/1395/1284
f 1203/1388/1285 1202/1387/1285 1217/1402/1285 1218/1403/1285
f 1215/1400/1286 1214/1399/1286 1229/1414/1286 1230/1415/1286
f 1223/1408/1287 1222/1407/1287 1237/1422/1287 1238/1423/1287
f 1216/1401/1288 1215/1400/1288 1230/1415/1288 1231/1416/1288
f 1209/1394/1289 1058/1228/1289 1224/1409/1289
f 1284/1485/1290 1223/1408/1290 1238/1423/1290
f 1217/1402/1291 1216/1401/1291 1231/1416/1291 1232/1417/1291
f 1210/1395/1292 1209/1394/1292 1224/1409/1292 1225/1410/1292
f 1218/1403/1293 1217/1402/1293 1232/1417/1293 1233/1418/1293
f 1211/1396/1294 1210/1395/1294 1225/1410/1294 1226/1411/1294
f 1219/1404/1295 1218/1403/1295 1233/1418/1295 1234/1419/1295
f 1212/1397/1296 1211/1396/1296 1226/1411/1296 1227/1412/1296
f 1220/1405/1297 1219/1404/1297 1234/1419/1297 1235/1420/1297
f 1213/1398/1298 1212/1397/1298 1227/1412/1298 1228/1413/1298
f 1221/1406/1299 1220/1405/1299 1235/1420/1299 1236/1421/1299
f 1214/1399/1300 1213/1398/1300 1228/1413/1300 1229/1414/1300
f 1222/1407/1301 1221/1406/1301 1236/1421/1301 1237/1422/1301
f 1234/1419/1302 1233/1418/1302 1248/1433/1302 1249/1434/1302
f 1227/1412/1303 1226/1411/1303 1241/1426/1303 1242/1427/1303
f 1235/1420/1304 1234/1419/1304 1249/1434/1304 1250/1435/1304
f 1228/1413/1305 1227/1412/1305 1242/1427/1305 1243/1428/1305
f 1236/1421/1306 1235/1420/1306 1250/1435/1306 1251/1436/1306
f 1229/1414/1307 1228/1413/1307 1243/1428/1307 1244/1429/1307
f 1237/1422/1308 1236/1421/1308 1251/1436/1308 1252/1437/1308
f 1230/1415/1309 1229/1414/1309 1244/1429/1309 1245/1430/1309
f 1238/1423/1310 1237/1422/1310 1252/1437/1310 1253/1438/1310
f 1231/1416/1311 1230/1415/1311 1245/1430/1311 1246/1431/1311
f 1224/1409/1312 1058/1229/1312 1239/1424/1312
f 1284/1486/1313 1238/1423/1313 1253/1438/1313
f 1232/1417/1314 1231/1416/1314 1246/1431/1314 1247/1432/1314
f 1225/1410/1315 1224/1409/1315 1239/1424/1315 1240/1425/1315
f 1233/1418/1316 1232/1417/1316 1247/1432/1316 1248/1433/1316
f 1226/1411/1317 1225/1410/1317 1240/1425/1317 1241/1426/1317
f 1253/1438/1318 1252/1437/1318 1267/1452/1318 1268/1453/1318
f 1246/1431/1319 1245/1430/1319 1260/1445/1319 1261/1446/1319
f 1239/1424/1320 1058/1230/1320 1254/1439/1320
f 1284/1487/1321 1253/1438/1321 1268/1453/1321
f 1247/1432/1322 1246/1431/1322 1261/1446/1322 1262/1447/1322
f 1240/1425/1323 1239/1424/1323 1254/1439/1323 1255/1440/1323
f 1248/1433/1324 1247/1432/1324 1262/1447/1324 1263/1448/1324
f 1241/1426/1325 1240/1425/1325 1255/1440/1325 1256/1441/1325
f 1249/1434/1326 1248/1433/1326 1263/1448/1326 1264/1449/1326
f 1242/1427/1327 1241/1426/1327 1256/1441/1327 1257/1442/1327
f 1250/1435/1328 1249/1434/1328 1264/1449/1328 1265/1450/1328
f 1243/1428/1329 1242/1427/1329 1257/1442/1329 1258/1443/1329
f 1251/1436/1330 1250/1435/1330 1265/1450/1330 1266/1451/1330
f 1244/1429/1331 1243/1428/1331 1258/1443/1331 1259/1444/1331
f 1252/1437/1332 1251/1436/1332 1266/1451/1332 1267/1452/1332
f 1245/1430/1333 1244/1429/1333 1259/1444/1333 1260/1445/1333
f 1257/1442/1334 1256/1441/1334 1271/1456/1334 1272/1457/1334
f 1265/1450/1335 1264/1449/1335 1279/1464/1335 1280/1465/1335
f 1258/1443/1336 1257/1442/1336 1272/1457/1336 1273/1458/1336
f 1266/1451/1337 1265/1450/1337 1280/1465/1337 1281/1466/1337
f 1259/1444/1338 1258/1443/1338 1273/1458/1338 1274/1459/1338
f 1267/1452/1339 1266/1451/1339 1281/1466/1339 1282/1467/1339
f 1260/1445/1340 1259/1444/1340 1274/1459/1340 1275/1460/1340
f 1268/1453/1341 1267/1452/1341 1282/1467/1341 1283/1468/1341
f 1261/1446/1342 1260/1445/1342 1275/1460/1342 1276/1461/1342
f 1254/1439/1343 1058/1231/1343 1269/1454/1343
f 1284/1488/1344 1268/1453/1344 1283/1468/1344
f 1262/1447/1345 1261/1446/1345 1276/1461/1345 1277/1462/1345
f 1255/1440/1346 1254/1439/1346 1269/1454/1346 1270/1455/1346
f 1263/1448/1347 1262/1447/1347 1277/1462/1347 1278/1463/1347
f 1256/1441/1348 1255/1440/1348 1270/1455/1348 1271/1456/1348
f 1264/1449/1349 1263/1448/1349 1278/1463/1349 1279/1464/1349
f 1276/1461/1350 1275/1460/1350 1291/1507/1350 1292/1508/1350
f 1269/1454/1351 1058/1232/1351 1285/1501/1351
f 1284/1489/1352 1283/1468/1352 1299/1515/1352
f 1277/1462/1353 1276/1461/1353 1292/1508/1353 1293/1509/1353
f 1270/1455/1354 1269/1454/1354 1285/1501/1354 1286/1502/1354
f 1278/1463/1355 1277/1462/1355 1293/1509/1355 1294/1510/1355
f 1271/1456/1356 1270/1455/1356 1286/1502/1356 1287/1503/1356
f 1279/1464/1357 1278/1463/1357 1294/1510/1357 1295/1511/1357
f 1272/1457/1358 1271/1456/1358 1287/1503/1358 1288/1504/1358
f 1280/1465/1359 1279/1464/1359 1295/1511/1359 1296/1512/1359
f 1273/1458/1360 1272/1457/1360 1288/1504/1360 1289/1505/1360
f 1281/1466/1361 1280/1465/1361 1296/1512/1361 1297/1513/1361
f 1274/1459/1362 1273/1458/1362 1289/1505/1362 1290/1506/1362
f 1282/1467/1363 1281/1466/1363 1297/1513/1363 1298/1514/1363
f 1275/1460/1364 1274/1459/1364 1290/1506/1364 1291/1507/1364
f 1283/1468/1365 1282/1467/1365 1298/1514/1365 1299/1515/1365
f 1296/1512/1366 1295/1511/1366 1310/1526/1366 1311/1527/1366
f 1289/1505/1367 1288/1504/1367 1303/1519/1367 1304/1520/1367
f 1297/1513/1368 1296/1512/1368 1311/1527/1368 1312/1528/1368
f 1290/1506/1369 1289/1505/1369 1304/1520/1369 1305/1521/1369
f 1298/1514/1370 1297/1513/1370 1312/1528/1370 1313/1529/1370
f 1291/1507/1371 1290/1506/1371 1305/1521/1371 1306/1522/1371
f 1299/1515/1372 1298/1514/1372 1313/1529/1372 1314/1530/1372
f 1292/1508/1373 1291/1507/1373 1306/1522/1373 1307/1523/1373
f 1285/1501/1374 1058/1233/1374 1300/1516/1374
f 1284/1490/1375 1299/1515/1375 1314/1530/1375
f 1293/1509/1376 1292/1508/1376 1307/1523/1376 1308/1524/1376
f 1286/1502/1377 1285/1501/1377 1300/1516/1377 1301/1517/1377
f 1294/1510/1378 1293/1509/1378 1308/1524/1378 1309/1525/1378
f 1287/1503/1379 1286/1502/1379 1301/1517/1379 1302/1518/1379
f 1295/1511/1380 1294/1510/1380 1309/1525/1380 1310/1526/1380
f 1288/1504/1381 1287/1503/1381 1302/1518/1381 1303/1519/1381
f 1284/1491/1382 1314/1530/1382 1329/1545/1382
f 1308/1524/1383 1307/1523/1383 1322/1538/1383 1323/1539/1383
f 1301/1517/1384 1300/1516/1384 1315/1531/1384 1316/1532/1384
f 1309/1525/1385 1308/1524/1385 1323/1539/1385 1324/1540/1385
f 1302/1518/1386 1301/1517/1386 1316/1532/1386 1317/1533/1386
f 1310/1526/1387 1309/1525/1387 1324/1540/1387 1325/1541/1387
f 1303/1519/1388 1302/1518/1388 1317/1533/1388 1318/1534/1388
f 1311/1527/1389 1310/1526/1389 1325/1541/1389 1326/1542/1389
f 1304/1520/1390 1303/1519/1390 1318/1534/1390 1319/1535/1390
f 1312/1528/1391 1311/1527/1391 1326/1542/1391 1327/1543/1391
f 1305/1521/1392 1304/1520/1392 1319/1535/1392 1320/1536/1392
f 1313/1529/1393 1312/1528/1393 1327/1543/1393 1328/1544/1393
f 1306/1522/1394 1305/1521/1394 1320/1536/1394 1321/1537/1394
f 1314/1530/1395 1313/1529/1395 1328/1544/1395 1329/1545/1395
f 1307/1523/1396 1306/1522/1396 1321/1537/1396 1322/1538/1396
f 1300/1516/1397 1058/1234/1397 1315/1531/1397
f 1327/1543/1398 1326/1542/1398 1341/1568/1398 1342/1570/1398
f 1320/1536/1399 1319/1535/1399 1334/1554/1399 1335/1556/1399
f 1328/1544/1400 1327/1543/1400 1342/1570/1400 1343/1572/1400
f 1321/1537/1401 1320/1536/1401 1335/1556/1401 1336/1558/1401
f 1329/1545/1402 1328/1544/1402 1343/1572/1402 1344/1574/1402
f 1322/1538/1403 1321/1537/1403 1336/1558/1403 1337/1560/1403
f 1315/1531/1404 1058/1235/1404 1330/1546/1404
f 1284/1492/1405 1329/1545/1405 1344/1574/1405
f 1323/1539/1406 1322/1538/1406 1337/1560/1406 1338/1562/1406
f 1316/1532/1407 1315/1531/1407 1330/1546/1407 1331/1548/1407
f 1324/1540/1408 1323/1539/1408 1338/1562/1408 1339/1564/1408
f 1317/1533/1409 1316/1532/1409 1331/1548/1409 1332/1550/1409
f 1325/1541/1410 1324/1540/1410 1339/1564/1410 1340/1566/1410
f 1318/1534/1411 1317/1533/1411 1332/1550/1411 1333/1552/1411
f 1326/1542/1412 1325/1541/1412 1340/1566/1412 1341/1568/1412
f 1319/1535/1413 1318/1534/1413 1333/1552/1413 1334/1554/1413
f 1331/1549/1414 1330/1547/1414 1345/1576/1414 1346/1577/1414
f 1339/1565/1415 1338/1563/1415 1353/1584/1415 1354/1585/1415
f 1332/1551/1416 1331/1549/1416 1346/1577/1416 1347/1578/1416
f 1340/1567/1417 1339/1565/1417 1354/1585/1417 1355/1586/1417
f 1333/1553/1418 1332/1551/1418 1347/1578/1418 1348/1579/1418
f 1341/1569/1419 1340/1567/1419 1355/1586/1419 1356/1587/1419
f 1334/1555/1420 1333/1553/1420 1348/1579/1420 1349/1580/1420
f 1342/1571/1421 1341/1569/1421 1356/1587/1421 1357/1588/1421
f 1335/1557/1422 1334/1555/1422 1349/1580/1422 1350/1581/1422
f 1343/1573/1423 1342/1571/1423 1357/1588/1423 1358/1589/1423
f 1336/1559/1424 1335/1557/1424 1350/1581/1424 1351/1582/1424
f 1344/1575/1425 1343/1573/1425 1358/1589/1425 1359/1590/1425
f 1337/1561/1426 1336/1559/1426 1351/1582/1426 1352/1583/1426
f 1330/1547/1427 1058/1236/1427 1345/1576/1427
f 1284/1493/1428 1344/1575/1428 1359/1590/1428
f 1338/1563/1429 1337/1561/1429 1352/1583/1429 1353/1584/1429
f 1350/1581/1430 1349/1580/1430 1364/1595/1430 1365/1596/1430
f 1358/1589/1431 1357/1588/1431 1372/1603/1431 1373/1604/1431
f 1351/1582/1432 1350/1581/1432 1365/1596/1432 1366/1597/1432
f 1359/1590/1433 1358/1589/1433 1373/1604/1433 1374/1605/1433
f 1352/1583/1434 1351/1582/1434 1366/1597/1434 1367/1598/1434
f 1345/1576/1435 1058/1237/1435 1360/1591/1435
f 1284/1494/1436 1359/1590/1436 1374/1605/1436
f 1353/1584/1437 1352/1583/1437 1367/1598/1437 1368/1599/1437
f 1346/1577/1438 1345/1576/1438 1360/1591/1438 1361/1592/1438
f 1354/1585/1439 1353/1584/1439 1368/1599/1439 1369/1600/1439
f 1347/1578/1440 1346/1577/1440 1361/1592/1440 1362/1593/1440
f 1355/1586/1441 1354/1585/1441 1369/1600/1441 1370/1601/1441
f 1348/1579/1442 1347/1578/1442 1362/1593/1442 1363/1594/1442
f 1356/1587/1443 1355/1586/1443 1370/1601/1443 1371/1602/1443
f 1349/1580/1444 1348/1579/1444 1363/1594/1444 1364/1595/1444
f 1357/1588/1445 1356/1587/1445 1371/1602/1445 1372/1603/1445
f 1369/1600/1446 1368/1599/1446 1383/1614/1446 1384/1615/1446
f 1362/1593/1447 1361/1592/1447 1376/1607/1447 1377/1608/1447
f 1370/1601/1448 1369/1600/1448 1384/1615/1448 1385/1616/1448
f 1363/1594/1449 1362/1593/1449 1377/1608/1449 1378/1609/1449
f 1371/1602/1450 1370/1601/1450 1385/1616/1450 1386/1617/1450
f 1364/1595/1451 1363/1594/1451 1378/1609/1451 1379/1610/1451
f 1372/1603/1452 1371/1602/1452 1386/1617/1452 1387/1618/1452
f 1365/1596/1453 1364/1595/1453 1379/1610/1453 1380/1611/1453
f 1373/1604/1454 1372/1603/1454 1387/1618/1454 1388/1619/1454
f 1366/1597/1455 1365/1596/1455 1380/1611/1455 1381/1612/1455
f 1374/1605/1456 1373/1604/1456 1388/1619/1456 1389/1620/1456
f 1367/1598/1457 1366/1597/1457 1381/1612/1457 1382/1613/1457
f 1360/1591/1458 1058/1238/1458 1375/1606/1458
f 1284/1495/1459 1374/1605/1459 1389/1620/1459
f 1368/1599/1460 1367/1598/1460 1382/1613/1460 1383/1614/1460
f 1361/1592/1461 1360/1591/1461 1375/1606/1461 1376/1607/1461
f 1388/1619/1462 1387/1618/1462 1402/1633/1462 1403/1634/1462
f 1381/1612/1463 1380/1611/1463 1395/1626/1463 1396/1627/1463
f 1389/1620/1464 1388/1619/1464 1403/1634/1464 1404/1635/1464
f 1382/1613/1465 1381/1612/1465 1396/1627/1465 1397/1628/1465
f 1375/1606/1466 1058/1239/1466 1390/1621/1466
f 1284/1496/1467 1389/1620/1467 1404/1635/1467
f 1383/1614/1468 1382/1613/1468 1397/1628/1468 1398/1629/1468
f 1376/1607/1469 1375/1606/1469 1390/1621/1469 1391/1622/1469
f 1384/1615/1470 1383/1614/1470 1398/1629/1470 1399/1630/1470
f 1377/1608/1471 1376/1607/1471 1391/1622/1471 1392/1623/1471
f 1385/1616/1472 1384/1615/1472 1399/1630/1472 1400/1631/1472
f 1378/1609/1473 1377/1608/1473 1392/1623/1473 1393/1624/1473
f 1386/1617/1474 1385/1616/1474 1400/1631/1474 1401/1632/1474
f 1379/1610/1475 1378/1609/1475 1393/1624/1475 1394/1625/1475
f 1387/1618/1476 1386/1617/1476 1401/1632/1476 1402/1633/1476
f 1380/1611/1477 1379/1610/1477 1394/1625/1477 1395/1626/1477
f 1392/1623/1478 1391/1622/1478 1406/1637/1478 1407/1638/1478
f 1400/1631/1479 1399/1630/1479 1414/1645/1479 1415/1646/1479
f 1393/1624/1480 1392/1623/1480 1407/1638/1480 1408/1639/1480
f 1401/1632/1481 1400/1631/1481 1415/1646/1481 1416/1647/1481
f 1394/1625/1482 1393/1624/1482 1408/1639/1482 1409/1640/1482
f 1402/1633/1483 1401/1632/1483 1416/1647/1483 1417/1648/1483
f 1395/1626/1484 1394/1625/1484 1409/1640/1484 1410/1641/1484
f 1403/1634/1485 1402/1633/1485 1417/1648/1485 1418/1649/1485
f 1396/1627/1486 1395/1626/1486 1410/1641/1486 1411/1642/1486
f 1404/1635/1487 1403/1634/1487 1418/1649/1487 1419/1650/1487
f 1397/1628/1488 1396/1627/1488 1411/1642/1488 1412/1643/1488
f 1390/1621/1489 1058/1240/1489 1405/1636/1489
f 1284/1497/1490 1404/1635/1490 1419/1650/1490
f 1398/1629/1491 1397/1628/1491 1412/1643/1491 1413/1644/1491
f 1391/1622/1492 1390/1621/1492 1405/1636/1492 1406/1637/1492
f 1399/1630/1493 1398/1629/1493 1413/1644/1493 1414/1645/1493
f 1411/1642/1494 1410/1641/1494 1425/1656/1494 1426/1657/1494
f 1419/1650/1495 1418/1649/1495 1433/1664/1495 1434/1665/1495
f 1412/1643/1496 1411/1642/1496 1426/1657/1496 1427/1658/1496
f 1405/1636/1497 1058/1241/1497 1420/1651/1497
f 1284/1498/1498 1419/1650/1498 1434/1665/1498
f 1413/1644/1499 1412/1643/1499 1427/1658/1499 1428/1659/1499
f 1406/1637/1500 1405/1636/1500 1420/1651/1500 1421/1652/1500
f 1414/1645/1501 1413/1644/1501 1428/1659/1501 1429/1660/1501
f 1407/1638/1502 1406/1637/1502 1421/1652/1502 1422/1653/1502
f 1415/1646/1503 1414/1645/1503 1429/1660/1503 1430/1661/1503
f 1408/1639/1504 1407/1638/1504 1422/1653/1504 1423/1654/1504
f 1416/1647/1505 1415/1646/1505 1430/1661/1505 1431/1662/1505
f 1409/1640/1506 1408/1639/1506 1423/1654/1506 1424/1655/1506
f 1417/1648/1507 1416/1647/1507 1431/1662/1507 1432/1663/1507
f 1410/1641/1508 1409/1640/1508 1424/1655/1508 1425/1656/1508
f 1418/1649/1509 1417/1648/1509 1432/1663/1509 1433/1664/1509
f 1430/1661/1510 1429/1660/1510 1444/1675/1510 1445/1676/1510
f 1423/1654/1511 1422/1653/1511 1437/1668/1511 1438/1669/1511
f 1431/1662/1512 1430/1661/1512 1445/1676/1512 1446/1677/1512
f 1424/1655/1513 1423/1654/1513 1438/1669/1513 1439/1670/1513
f 1432/1663/1514 1431/1662/1514 1446/1677/1514 1447/1678/1514
f 1425/1656/1515 1424/1655/1515 1439/1670/1515 1440/1671/1515
f 1433/1664/1516 1432/1663/1516 1447/1678/1516 1448/1679/1516
f 1426/1657/1517 1425/1656/1517 1440/1671/1517 1441/1672/1517
f 1434/1665/1518 1433/1664/1518 1448/1679/1518 1449/1680/1518
f 1427/1658/1519 1426/1657/1519 1441/1672/1519 1442/1673/1519
f 1420/1651/1520 1058/1242/1520 1435/1666/1520
f 1284/1499/1521 1434/1665/1521 1449/1680/1521
f 1428/1659/1522 1427/1658/1522 1442/1673/1522 1443/1674/1522
f 1421/1652/1523 1420/1651/1523 1435/1666/1523 1436/1667/1523
f 1429/1660/1524 1428/1659/1524 1443/1674/1524 1444/1675/1524
f 1422/1653/1525 1421/1652/1525 1436/1667/1525 1437/1668/1525
f 1449/1680/1526 1448/1679/1526 1457/1688/1526 1458/1689/1526
f 1442/1673/1527 1441/1672/1527 979/1133/1527 980/1134/1527
f 1435/1666/1528 1058/1243/1528 1450/1681/1528
f 1284/1500/1529 1449/1680/1529 1458/1689/1529
f 1443/1674/1530 1442/1673/1530 980/1134/1530 981/1135/1530
f 1436/1667/1531 1435/1666/1531 1450/1681/1531 1451/1682/1531
f 1444/1675/1532 1443/1674/1532 981/1135/1532 1454/1685/1532
f 1437/1668/1533 1436/1667/1533 1451/1682/1533 977/1131/1533
f 1445/1676/1534 1444/1675/1534 1454/1685/1534 982/1136/1534
f 1438/1669/1535 1437/1668/1535 977/1131/1535 1452/1683/1535
f 1446/1677/1536 1445/1676/1536 982/1136/1536 1455/1686/1536
f 1439/1670/1537 1438/1669/1537 1452/1683/1537 978/1132/1537
f 1447/1678/1538 1446/1677/1538 1455/1686/1538 1456/1687/1538
f 1440/1671/1539 1439/1670/1539 978/1132/1539 1453/1684/1539
f 1448/1679/1540 1447/1678/1540 1456/1687/1540 1457/1688/1540
f 1441/1672/1541 1440/1671/1541 1453/1684/1541 979/1133/1541
o Sphere.003
v -0.571483 1.750868 -0.828516
v -0.571483 1.670667 -0.908717
v -0.571483 1.565879 -0.952122
v -0.571483 1.509168 -0.957707
v -0.571483 1.452457 -0.952122
v -0.571483 1.347669 -0.908717
v -0.560419 1.794273 -0.722638
v -0.549780 1.777731 -0.776122
v -0.539976 1.750868 -0.825413
v -0.531382 1.714717 -0.868616
v -0.524329 1.670667 -0.904073
v -0.519088 1.620410 -0.930419
v -0.515861 1.565879 -0.946644
v -0.514772 1.509168 -0.952122
v -0.515861 1.452457 -0.946644
v -0.519088 1.397925 -0.930419
v -0.524329 1.347669 -0.904073
v -0.531382 1.303619 -0.868616
v -0.539976 1.267467 -0.825413
v -0.549780 1.240605 -0.776122
v -0.560419 1.224063 -0.722638
v -0.549780 1.794273 -0.719411
v -0.528912 1.777731 -0.769791
v -0.509679 1.750868 -0.816222
v -0.492822 1.714717 -0.856919
v -0.478988 1.670667 -0.890319
v -0.468708 1.620410 -0.915137
v -0.462378 1.565879 -0.930419
v -0.460240 1.509168 -0.935580
v -0.462378 1.452457 -0.930419
v -0.468708 1.397925 -0.915137
v -0.478988 1.347669 -0.890319
v -0.492822 1.303619 -0.856919
v -0.509679 1.267467 -0.816222
v -0.528912 1.240605 -0.769791
v -0.549780 1.224063 -0.719411
v -0.539976 1.794273 -0.714170
v -0.509679 1.777731 -0.759511
v -0.481758 1.750868 -0.801298
v -0.457285 1.714717 -0.837925
v -0.437201 1.670667 -0.867983
v -0.422277 1.620410 -0.890319
v -0.413087 1.565879 -0.904073
v -0.409983 1.509168 -0.908717
v -0.413087 1.452457 -0.904073
v -0.422277 1.397925 -0.890319
v -0.437201 1.347669 -0.867983
v -0.457285 1.303619 -0.837925
v -0.481758 1.267467 -0.801298
v -0.509679 1.240605 -0.759511
v -0.539976 1.224063 -0.714170
v -0.531382 1.794273 -0.707117
v -0.492822 1.777731 -0.745677
v -0.457285 1.750868 -0.781214
v -0.426137 1.714717 -0.812362
v -0.400575 1.670667 -0.837925
v -0.381580 1.620410 -0.856919
v -0.369883 1.565879 -0.868616
v -0.365933 1.509168 -0.872566
v -0.369883 1.452457 -0.868616
v -0.381580 1.397925 -0.856919
v -0.400575 1.347669 -0.837925
v -0.426137 1.303619 -0.812362
v -0.457285 1.267467 -0.781214
v -0.492822 1.240605 -0.745677
v -0.531382 1.224063 -0.707117
v -0.524329 1.794273 -0.698524
v -0.478988 1.777731 -0.728820
v -0.437201 1.750868 -0.756741
v -0.400575 1.714717 -0.781214
v -0.370516 1.670667 -0.801298
v -0.348180 1.620410 -0.816222
v -0.334426 1.565879 -0.825413
v -0.329782 1.509168 -0.828516
v -0.334426 1.452457 -0.825413
v -0.348180 1.397925 -0.816222
v -0.370516 1.347669 -0.801298
v -0.400575 1.303619 -0.781214
v -0.437201 1.267467 -0.756741
v -0.478988 1.240605 -0.728820
v -0.524329 1.224063 -0.698524
v -0.571483 1.799859 -0.667017
v -0.519088 1.794273 -0.688719
v -0.468708 1.777731 -0.709587
v -0.422277 1.750868 -0.728820
v -0.381580 1.714717 -0.745677
v -0.348180 1.670667 -0.759511
v -0.323363 1.620410 -0.769791
v -0.308080 1.565879 -0.776122
v -0.302919 1.509168 -0.778259
v -0.308080 1.452457 -0.776122
v -0.323363 1.397925 -0.769791
v -0.348180 1.347669 -0.759511
v -0.381580 1.303619 -0.745677
v -0.422277 1.267467 -0.728820
v -0.468708 1.240605 -0.709587
v -0.519088 1.224063 -0.688719
v -0.515861 1.794273 -0.678080
v -0.462378 1.777731 -0.688719
v -0.413087 1.750868 -0.698524
v -0.369883 1.714717 -0.707117
v -0.334426 1.670667 -0.714170
v -0.308080 1.620410 -0.719411
v -0.291856 1.565879 -0.722638
v -0.286377 1.509168 -0.723728
v -0.291856 1.452457 -0.722638
v -0.308080 1.397925 -0.719411
v -0.334426 1.347669 -0.714170
v -0.369883 1.303619 -0.707117
v -0.413087 1.267467 -0.698524
v -0.462378 1.240605 -0.688719
v -0.515861 1.224063 -0.678080
v -0.514772 1.794273 -0.667017
v -0.460240 1.777731 -0.667017
v -0.409983 1.750868 -0.667017
v -0.365933 1.714717 -0.667017
v -0.329782 1.670667 -0.667017
v -0.302919 1.620410 -0.667017
v -0.286377 1.565879 -0.667017
v -0.280792 1.509168 -0.667017
v -0.286377 1.452457 -0.667017
v -0.302919 1.397925 -0.667017
v -0.329782 1.347669 -0.667017
v -0.365933 1.303619 -0.667017
v -0.409983 1.267467 -0.667017
v -0.460240 1.240605 -0.667017
v -0.514772 1.224063 -0.667017
v -0.515861 1.794273 -0.655953
v -0.462378 1.777731 -0.645314
v -0.413087 1.750868 -0.635510
v -0.369883 1.714717 -0.626916
v -0.334426 1.670667 -0.619863
v -0.308080 1.620410 -0.614623
v -0.291856 1.565879 -0.611395
v -0.286377 1.509168 -0.610306
v -0.291856 1.452457 -0.611395
v -0.308080 1.397925 -0.614623
v -0.334426 1.347669 -0.619863
v -0.369883 1.303619 -0.626916
v -0.413087 1.267467 -0.635510
v -0.462378 1.240605 -0.645314
v -0.515861 1.224063 -0.655953
v -0.519089 1.794273 -0.645314
v -0.468708 1.777731 -0.624446
v -0.422277 1.750868 -0.605214
v -0.381580 1.714717 -0.588356
v -0.348180 1.670667 -0.574522
v -0.323363 1.620410 -0.564242
v -0.308080 1.565879 -0.557912
v -0.302919 1.509168 -0.555774
v -0.308080 1.452457 -0.557912
v -0.323363 1.397925 -0.564242
v -0.348180 1.347669 -0.574522
v -0.381580 1.303619 -0.588356
v -0.422277 1.267467 -0.605214
v -0.468708 1.240605 -0.624446
v -0.519089 1.224063 -0.645314
v -0.524329 1.794273 -0.635510
v -0.478988 1.777731 -0.605214
v -0.437201 1.750868 -0.577293
v -0.400575 1.714717 -0.552820
v -0.370516 1.670667 -0.532735
v -0.348180 1.620410 -0.517811
v -0.334426 1.565879 -0.508621
v -0.329782 1.509168 -0.505518
v -0.334426 1.452457 -0.508621
v -0.348180 1.397925 -0.517811
v -0.370516 1.347669 -0.532735
v -0.400575 1.303619 -0.552820
v -0.437201 1.267467 -0.577293
v -0.478988 1.240605 -0.605214
v -0.524329 1.224063 -0.635510
v -0.531382 1.794273 -0.626916
v -0.492822 1.777731 -0.588356
v -0.457285 1.750868 -0.552820
v -0.426137 1.714717 -0.521671
v -0.400575 1.670667 -0.496109
v -0.381580 1.620410 -0.477114
v -0.369883 1.565879 -0.465417
v -0.365933 1.509168 -0.461467
v -0.369883 1.452457 -0.465417
v -0.381580 1.397925 -0.477114
v -0.400575 1.347669 -0.496109
v -0.426137 1.303619 -0.521671
v -0.457285 1.267467 -0.552820
v -0.492822 1.240605 -0.588356
v -0.531382 1.224063 -0.626916
v -0.539976 1.794273 -0.619863
v -0.509680 1.777731 -0.574522
v -0.481759 1.750868 -0.532735
v -0.457285 1.714717 -0.496109
v -0.437201 1.670667 -0.466050
v -0.422277 1.620410 -0.443715
v -0.413087 1.565879 -0.429960
v -0.409984 1.509168 -0.425316
v -0.413087 1.452457 -0.429960
v -0.422277 1.397925 -0.443715
v -0.437201 1.347669 -0.466050
v -0.457285 1.303619 -0.496109
v -0.481759 1.267467 -0.532735
v -0.509680 1.240605 -0.574522
v -0.539976 1.224063 -0.619863
v -0.549780 1.794273 -0.614623
v -0.528912 1.777731 -0.564242
v -0.509680 1.750868 -0.517811
v -0.492822 1.714717 -0.477114
v -0.478988 1.670667 -0.443715
v -0.468708 1.620410 -0.418897
v -0.462378 1.565879 -0.403614
v -0.460240 1.509168 -0.398454
v -0.462378 1.452457 -0.403614
v -0.468708 1.397925 -0.418897
v -0.478988 1.347669 -0.443715
v -0.492822 1.303619 -0.477114
v -0.509680 1.267467 -0.517811
v -0.528912 1.240605 -0.564242
v -0.549780 1.224063 -0.614623
v -0.560419 1.794273 -0.611395
v -0.549780 1.777731 -0.557912
v -0.539976 1.750868 -0.508621
v -0.531382 1.714717 -0.465417
v -0.524329 1.670667 -0.429960
v -0.519088 1.620410 -0.403614
v -0.515861 1.565879 -0.387390
v -0.514772 1.509168 -0.381912
v -0.515861 1.452457 -0.387390
v -0.519088 1.397925 -0.403614
v -0.524329 1.347669 -0.429960
v -0.531382 1.303619 -0.465417
v -0.539976 1.267467 -0.508621
v -0.549780 1.240605 -0.557912
v -0.560419 1.224063 -0.611395
v -0.571483 1.794273 -0.610306
v -0.571483 1.777731 -0.555774
v -0.571483 1.750868 -0.505518
v -0.571483 1.714717 -0.461467
v -0.571483 1.670667 -0.425316
v -0.571483 1.620410 -0.398454
v -0.571483 1.565879 -0.381912
v -0.571483 1.509168 -0.376326
v -0.571483 1.452457 -0.381912
v -0.571483 1.397925 -0.398454
v -0.571483 1.347669 -0.425316
v -0.571483 1.303619 -0.461467
v -0.571483 1.267467 -0.505518
v -0.571483 1.240605 -0.555774
v -0.571483 1.224063 -0.610306
v -0.582546 1.794273 -0.611395
v -0.593185 1.777731 -0.557912
v -0.602989 1.750868 -0.508621
v -0.611583 1.714717 -0.465417
v -0.618636 1.670667 -0.429960
v -0.623877 1.620410 -0.403614
v -0.627104 1.565879 -0.387390
v -0.628194 1.509168 -0.381912
v -0.627104 1.452457 -0.387390
v -0.623877 1.397925 -0.403614
v -0.618636 1.347669 -0.429960
v -0.611583 1.303619 -0.465417
v -0.602989 1.267467 -0.508621
v -0.593185 1.240605 -0.557912
v -0.582546 1.224063 -0.611395
v -0.593185 1.794273 -0.614623
v -0.614053 1.777731 -0.564242
v -0.633286 1.750868 -0.517811
v -0.650143 1.714717 -0.477114
v -0.663977 1.670667 -0.443715
v -0.674257 1.620410 -0.418897
v -0.680588 1.565879 -0.403614
v -0.682725 1.509168 -0.398454
v -0.680588 1.452457 -0.403614
v -0.674257 1.397925 -0.418897
v -0.663977 1.347669 -0.443715
v -0.650143 1.303619 -0.477114
v -0.633286 1.267467 -0.517811
v -0.614053 1.240605 -0.564242
v -0.593185 1.224063 -0.614623
v -0.602989 1.794273 -0.619863
v -0.633286 1.777731 -0.574522
v -0.661207 1.750868 -0.532735
v -0.685680 1.714717 -0.496109
v -0.705764 1.670667 -0.466050
v -0.720688 1.620410 -0.443715
v -0.729878 1.565879 -0.429960
v -0.732982 1.509168 -0.425316
v -0.729878 1.452457 -0.429960
v -0.720688 1.397925 -0.443715
v -0.705764 1.347669 -0.466050
v -0.685680 1.303619 -0.496109
v -0.661207 1.267467 -0.532735
v -0.633286 1.240605 -0.574522
v -0.602989 1.224063 -0.619863
v -0.611583 1.794273 -0.626916
v -0.650143 1.777731 -0.588356
v -0.685680 1.750868 -0.552820
v -0.716828 1.714717 -0.521671
v -0.742391 1.670667 -0.496109
v -0.761385 1.620410 -0.477114
v -0.773082 1.565879 -0.465417
v -0.777032 1.509168 -0.461468
v -0.773082 1.452457 -0.465417
v -0.761385 1.397925 -0.477114
v -0.742391 1.347669 -0.496109
v -0.716828 1.303619 -0.521671
v -0.685680 1.267467 -0.552820
v -0.650143 1.240605 -0.588356
v -0.611583 1.224063 -0.626916
v -0.571483 1.218477 -0.667017
v -0.618636 1.794273 -0.635510
v -0.663977 1.777731 -0.605214
v -0.705764 1.750868 -0.577293
v -0.742391 1.714717 -0.552820
v -0.772449 1.670667 -0.532735
v -0.794785 1.620410 -0.517811
v -0.808539 1.565879 -0.508621
v -0.813183 1.509168 -0.505518
v -0.808539 1.452457 -0.508621
v -0.794785 1.397925 -0.517811
v -0.772449 1.347669 -0.532735
v -0.742391 1.303619 -0.552820
v -0.705764 1.267467 -0.577293
v -0.663977 1.240605 -0.605214
v -0.618636 1.224063 -0.635510
v -0.623877 1.794273 -0.645314
v -0.674257 1.777731 -0.624446
v -0.720688 1.750868 -0.605214
v -0.761385 1.714717 -0.588356
v -0.794785 1.670667 -0.574522
v -0.819602 1.620410 -0.564242
v -0.834885 1.565879 -0.557912
v -0.840046 1.509168 -0.555774
v -0.834885 1.452457 -0.557912
v -0.819602 1.397925 -0.564242
v -0.794785 1.347669 -0.574522
v -0.761385 1.303619 -0.588356
v -0.720688 1.267467 -0.605214
v -0.674257 1.240605 -0.624446
v -0.623877 1.224063 -0.645314
v -0.627104 1.794273 -0.655953
v -0.680588 1.777731 -0.645314
v -0.729878 1.750868 -0.635510
v -0.773082 1.714717 -0.626916
v -0.808539 1.670667 -0.619863
v -0.834885 1.620410 -0.614623
v -0.851109 1.565879 -0.611395
v -0.856587 1.509168 -0.610306
v -0.851109 1.452457 -0.611395
v -0.834885 1.397925 -0.614623
v -0.808539 1.347669 -0.619863
v -0.773082 1.303619 -0.626916
v -0.729878 1.267467 -0.635510
v -0.680588 1.240605 -0.645314
v -0.627104 1.224063 -0.655953
v -0.628193 1.794273 -0.667017
v -0.682725 1.777731 -0.667017
v -0.732982 1.750868 -0.667017
v -0.777032 1.714717 -0.667017
v -0.813183 1.670667 -0.667017
v -0.840046 1.620410 -0.667017
v -0.856588 1.565879 -0.667017
v -0.862173 1.509168 -0.667017
v -0.856588 1.452457 -0.667017
v -0.840046 1.397925 -0.667017
v -0.813183 1.347669 -0.667017
v -0.777032 1.303619 -0.667017
v -0.732982 1.267467 -0.667017
v -0.682725 1.240605 -0.667017
v -0.628193 1.224063 -0.667017
v -0.627104 1.794273 -0.678080
v -0.680588 1.777731 -0.688719
v -0.729878 1.750868 -0.698524
v -0.773082 1.714717 -0.707117
v -0.808539 1.670667 -0.714170
v -0.834885 1.620410 -0.719411
v -0.851109 1.565879 -0.722638
v -0.856587 1.509168 -0.723728
v -0.851109 1.452457 -0.722638
v -0.834885 1.397925 -0.719411
v -0.808539 1.347669 -0.714170
v -0.773082 1.303619 -0.707117
v -0.729878 1.267467 -0.698524
v -0.680588 1.240605 -0.688719
v -0.627104 1.224063 -0.678080
v -0.623877 1.794273 -0.688719
v -0.674257 1.777731 -0.709587
v -0.720688 1.750868 -0.728820
v -0.761385 1.714717 -0.745677
v -0.794785 1.670667 -0.759511
v -0.819602 1.620410 -0.769791
v -0.834885 1.565879 -0.776122
v -0.840045 1.509168 -0.778259
v -0.834885 1.452457 -0.776122
v -0.819602 1.397925 -0.769791
v -0.794785 1.347669 -0.759511
v -0.761385 1.303619 -0.745677
v -0.720688 1.267467 -0.728820
v -0.674257 1.240605 -0.709587
v -0.623877 1.224063 -0.688719
v -0.618636 1.794273 -0.698524
v -0.663977 1.777731 -0.728820
v -0.705764 1.750868 -0.756741
v -0.742391 1.714717 -0.781214
v -0.772449 1.670667 -0.801298
v -0.794785 1.620410 -0.816222
v -0.808539 1.565879 -0.825413
v -0.813183 1.509168 -0.828516
v -0.808539 1.452457 -0.825413
v -0.794785 1.397925 -0.816222
v -0.772449 1.347669 -0.801298
v -0.742391 1.303619 -0.781214
v -0.705764 1.267467 -0.756741
v -0.663977 1.240605 -0.728820
v -0.618636 1.224063 -0.698524
v -0.611583 1.794273 -0.707117
v -0.650143 1.777731 -0.745677
v -0.685679 1.750868 -0.781214
v -0.716828 1.714717 -0.812362
v -0.742390 1.670667 -0.837925
v -0.761385 1.620410 -0.856919
v -0.773082 1.565879 -0.868616
v -0.777032 1.509168 -0.872566
v -0.773082 1.452457 -0.868616
v -0.761385 1.397925 -0.856919
v -0.742390 1.347669 -0.837925
v -0.716828 1.303619 -0.812362
v -0.685679 1.267467 -0.781214
v -0.650143 1.240605 -0.745677
v -0.611583 1.224063 -0.707117
v -0.602989 1.794273 -0.714170
v -0.633286 1.777731 -0.759511
v -0.661206 1.750868 -0.801298
v -0.685680 1.714717 -0.837925
v -0.705764 1.670667 -0.867983
v -0.720688 1.620410 -0.890319
v -0.729878 1.565879 -0.904073
v -0.732981 1.509168 -0.908717
v -0.729878 1.452457 -0.904073
v -0.720688 1.397925 -0.890319
v -0.705764 1.347669 -0.867983
v -0.685680 1.303619 -0.837925
v -0.661206 1.267467 -0.801298
v -0.633286 1.240605 -0.759511
v -0.602989 1.224063 -0.714170
v -0.593185 1.794273 -0.719411
v -0.614053 1.777731 -0.769791
v -0.633285 1.750868 -0.816222
v -0.650143 1.714717 -0.856919
v -0.663977 1.670667 -0.890319
v -0.674257 1.620410 -0.915137
v -0.680587 1.565879 -0.930419
v -0.682725 1.509168 -0.935580
v -0.680587 1.452457 -0.930419
v -0.674257 1.397925 -0.915137
v -0.663977 1.347669 -0.890319
v -0.650143 1.303619 -0.856919
v -0.633285 1.267467 -0.816222
v -0.614053 1.240605 -0.769791
v -0.593185 1.224063 -0.719411
v -0.582546 1.794273 -0.722638
v -0.593185 1.777731 -0.776122
v -0.602989 1.750868 -0.825412
v -0.611583 1.714717 -0.868616
v -0.618636 1.670667 -0.904073
v -0.623877 1.620410 -0.930419
v -0.627104 1.565879 -0.946643
v -0.628193 1.509168 -0.952121
v -0.627104 1.452457 -0.946643
v -0.623877 1.397925 -0.930419
v -0.618636 1.347669 -0.904073
v -0.611583 1.303619 -0.868616
v -0.602989 1.267467 -0.825412
v -0.593185 1.240605 -0.776122
v -0.582546 1.224063 -0.722638
v -0.571483 1.794273 -0.723728
v -0.571483 1.777731 -0.778259
v -0.571483 1.714717 -0.872566
v -0.571483 1.620410 -0.935580
v -0.571483 1.397925 -0.935580
v -0.571483 1.303619 -0.872566
v -0.571482 1.267467 -0.828516
v -0.571483 1.240605 -0.778259
v -0.571483 1.224063 -0.723728
vn 0.0286 -0.9565 -0.2902
vn 0.0975 0.0975 -0.9904
vn 0.0097 0.9951 -0.0980
vn 0.0097 -0.9951 -0.0980
vn 0.0975 -0.0975 -0.9904
vn 0.0286 0.9565 -0.2902
vn 0.0938 -0.2890 -0.9527
vn 0.0464 0.8810 -0.4709
vn 0.0865 -0.4696 -0.8786
vn 0.0624 0.7715 -0.6332
vn 0.0759 -0.6326 -0.7708
vn 0.0759 0.6326 -0.7708
vn 0.0624 -0.7715 -0.6332
vn 0.0865 0.4696 -0.8786
vn 0.0464 -0.8810 -0.4709
vn 0.0938 0.2890 -0.9527
vn 0.2563 0.4696 -0.8448
vn 0.1374 -0.8810 -0.4528
vn 0.2779 0.2890 -0.9161
vn 0.0846 -0.9565 -0.2790
vn 0.2889 0.0976 -0.9524
vn 0.0286 0.9951 -0.0942
vn 0.0286 -0.9951 -0.0942
vn 0.2889 -0.0976 -0.9524
vn 0.0846 0.9565 -0.2790
vn 0.2779 -0.2890 -0.9161
vn 0.1374 0.8810 -0.4528
vn 0.2563 -0.4696 -0.8448
vn 0.1847 0.7715 -0.6088
vn 0.2248 -0.6326 -0.7412
vn 0.2248 0.6326 -0.7412
vn 0.1847 -0.7715 -0.6088
vn 0.4513 -0.2890 -0.8443
vn 0.2230 0.8810 -0.4173
vn 0.4162 -0.4696 -0.7786
vn 0.2999 0.7715 -0.5611
vn 0.3651 -0.6326 -0.6831
vn 0.3651 0.6326 -0.6831
vn 0.2999 -0.7715 -0.5611
vn 0.4162 0.4696 -0.7786
vn 0.2230 -0.8810 -0.4173
vn 0.4513 0.2890 -0.8443
vn 0.1374 -0.9565 -0.2571
vn 0.4691 0.0975 -0.8777
vn 0.0464 0.9951 -0.0869
vn 0.0464 -0.9951 -0.0869
vn 0.4691 -0.0975 -0.8777
vn 0.1374 0.9565 -0.2571
vn 0.3002 -0.8810 -0.3658
vn 0.6073 0.2890 -0.7400
vn 0.1850 -0.9565 -0.2254
vn 0.6314 0.0975 -0.7693
vn 0.0625 0.9951 -0.0761
vn 0.0625 -0.9951 -0.0761
vn 0.6314 -0.0975 -0.7693
vn 0.1850 0.9565 -0.2254
vn 0.6073 -0.2890 -0.7400
vn 0.3002 0.8810 -0.3658
vn 0.5601 -0.4696 -0.6825
vn 0.4036 0.7715 -0.4918
vn 0.4913 -0.6326 -0.5987
vn 0.4913 0.6326 -0.5987
vn 0.4036 -0.7715 -0.4918
vn 0.5601 0.4696 -0.6825
vn 0.6825 -0.4696 -0.5601
vn 0.4918 0.7715 -0.4036
vn 0.5987 -0.6326 -0.4913
vn 0.5987 0.6326 -0.4913
vn 0.4918 -0.7715 -0.4036
vn 0.6825 0.4696 -0.5601
vn 0.3658 -0.8810 -0.3002
vn 0.7400 0.2890 -0.6073
vn 0.2254 -0.9565 -0.1850
vn 0.7693 0.0975 -0.6314
vn 0.0761 0.9951 -0.0625
vn 0.0761 -0.9951 -0.0625
vn 0.7693 -0.0975 -0.6314
vn 0.2254 0.9565 -0.1850
vn 0.7400 -0.2890 -0.6073
vn 0.3658 0.8810 -0.3002
vn 0.2571 -0.9565 -0.1374
vn 0.8777 0.0975 -0.4691
vn 0.0869 0.9951 -0.0464
vn 0.0869 -0.9951 -0.0464
vn 0.8777 -0.0975 -0.4691
vn 0.2571 0.9565 -0.1374
vn 0.8443 -0.2890 -0.4513
vn 0.4173 0.8810 -0.2230
vn 0.7786 -0.4696 -0.4162
vn 0.5611 0.7715 -0.2999
vn 0.6831 -0.6326 -0.3651
vn 0.6831 0.6326 -0.3651
vn 0.5611 -0.7715 -0.2999
vn 0.7786 0.4696 -0.4162
vn 0.4173 -0.8810 -0.2230
vn 0.8443 0.2890 -0.4513
vn 0.6088 0.7715 -0.1847
vn 0.7412 -0.6326 -0.2248
vn 0.7412 0.6326 -0.2248
vn 0.6088 -0.7715 -0.1847
vn 0.8448 0.4696 -0.2563
vn 0.4528 -0.8810 -0.1374
vn 0.9161 0.2890 -0.2779
vn 0.2790 -0.9565 -0.0846
vn 0.9524 0.0975 -0.2889
vn 0.0942 0.9951 -0.0286
vn 0.0942 -0.9951 -0.0286
vn 0.9524 -0.0975 -0.2889
vn 0.2790 0.9565 -0.0846
vn 0.9161 -0.2890 -0.2779
vn 0.4528 0.8810 -0.1374
vn 0.8448 -0.4696 -0.2563
vn 0.9904 0.0975 -0.0975
vn 0.0980 0.9951 -0.0097
vn 0.0980 -0.9951 -0.0097
vn 0.9904 -0.0975 -0.0975
vn 0.2902 0.9565 -0.0286
vn 0.9527 -0.2890 -0.0938
vn 0.4709 0.8810 -0.0464
vn 0.8786 -0.4696 -0.0865
vn 0.6332 0.7715 -0.0624
vn 0.7708 -0.6326 -0.0759
vn 0.7708 0.6326 -0.0759
vn 0.6332 -0.7715 -0.0624
vn 0.8786 0.4696 -0.0865
vn 0.4709 -0.8810 -0.0464
vn 0.9527 0.2890 -0.0938
vn 0.2902 -0.9565 -0.0286
vn 0.7708 -0.6326 0.0759
vn 0.7708 0.6326 0.0759
vn 0.6332 -0.7715 0.0624
vn 0.8786 0.4696 0.0865
vn 0.4709 -0.8810 0.0464
vn 0.9527 0.2890 0.0938
vn 0.2902 -0.9565 0.0286
vn 0.9904 0.0975 0.0976
vn 0.0980 0.9951 0.0097
vn 0.0980 -0.9951 0.0097
vn 0.9904 -0.0975 0.0976
vn 0.2902 0.9565 0.0286
vn 0.9527 -0.2890 0.0938
vn 0.4709 0.8810 0.0464
vn 0.8786 -0.4696 0.0865
vn 0.6332 0.7715 0.0624
vn 0.0942 0.9951 0.0286
vn 0.0942 -0.9951 0.0286
vn 0.9524 -0.0975 0.2889
vn 0.2790 0.9565 0.0846
vn 0.9161 -0.2890 0.2779
vn 0.4528 0.8810 0.1374
vn 0.8448 -0.4696 0.2563
vn 0.6088 0.7715 0.1847
vn 0.7412 -0.6326 0.2248
vn 0.7412 0.6326 0.2248
vn 0.6088 -0.7715 0.1847
vn 0.8448 0.4696 0.2563
vn 0.4528 -0.8810 0.1374
vn 0.9161 0.2890 0.2779
vn 0.2790 -0.9565 0.0846
vn 0.9524 0.0975 0.2889
vn 0.6831 0.6326 0.3651
vn 0.5611 -0.7715 0.2999
vn 0.7786 0.4696 0.4162
vn 0.4173 -0.8810 0.2230
vn 0.8443 0.2890 0.4513
vn 0.2571 -0.9565 0.1374
vn 0.8777 0.0975 0.4691
vn 0.0869 0.9951 0.0464
vn 0.0869 -0.9951 0.0464
vn 0.8777 -0.0975 0.4691
vn 0.2571 0.9565 0.1374
vn 0.8443 -0.2890 0.4513
vn 0.4173 0.8810 0.2230
vn 0.7786 -0.4696 0.4162
vn 0.5611 0.7715 0.2999
vn 0.6831 -0.6326 0.3651
vn 0.7693 -0.0975 0.6314
vn 0.2254 0.9565 0.1850
vn 0.7400 -0.2890 0.6073
vn 0.3658 0.8810 0.3002
vn 0.6825 -0.4696 0.5601
vn 0.4918 0.7715 0.4036
vn 0.5987 -0.6326 0.4913
vn 0.5987 0.6326 0.4913
vn 0.4918 -0.7715 0.4036
vn 0.6825 0.4696 0.5601
vn 0.3658 -0.8810 0.3002
vn 0.7400 0.2890 0.6073
vn 0.2254 -0.9565 0.1850
vn 0.7693 0.0975 0.6314
vn 0.0761 0.9951 0.0625
vn 0.0761 -0.9951 0.0625
vn 0.4036 -0.7715 0.4918
vn 0.5601 0.4696 0.6825
vn 0.3002 -0.8810 0.3658
vn 0.6073 0.2890 0.7400
vn 0.1850 -0.9565 0.2254
vn 0.6314 0.0975 0.7693
vn 0.0625 0.9951 0.0761
vn 0.0625 -0.9951 0.0761
vn 0.6314 -0.0975 0.7693
vn 0.1850 0.9565 0.2254
vn 0.6073 -0.2890 0.7400
vn 0.3002 0.8810 0.3658
vn 0.5601 -0.4696 0.6825
vn 0.4036 0.7715 0.4918
vn 0.4913 -0.6326 0.5987
vn 0.4913 0.6326 0.5987
vn 0.4513 -0.2890 0.8443
vn 0.2230 0.8810 0.4173
vn 0.4162 -0.4696 0.7786
vn 0.2999 0.7715 0.5611
vn 0.3651 -0.6326 0.6831
vn 0.3651 0.6326 0.6831
vn 0.2999 -0.7715 0.5611
vn 0.4162 0.4696 0.7786
vn 0.2230 -0.8810 0.4173
vn 0.4513 0.2890 0.8443
vn 0.1374 -0.9565 0.2571
vn 0.4691 0.0975 0.8777
vn 0.0464 0.9951 0.0869
vn 0.0464 -0.9951 0.0869
vn 0.4691 -0.0975 0.8777
vn 0.1374 0.9565 0.2571
vn 0.1374 -0.8810 0.4528
vn 0.2779 0.2890 0.9161
vn 0.0846 -0.9565 0.2790
vn 0.2889 0.0975 0.9524
vn 0.0286 0.9951 0.0942
vn 0.0286 -0.9951 0.0942
vn 0.2889 -0.0975 0.9524
vn 0.0846 0.9565 0.2790
vn 0.2779 -0.2890 0.9161
vn 0.1374 0.8810 0.4528
vn 0.2563 -0.4696 0.8448
vn 0.1847 0.7715 0.6088
vn 0.2248 -0.6326 0.7412
vn 0.2248 0.6326 0.7412
vn 0.1847 -0.7715 0.6088
vn 0.2563 0.4696 0.8448
vn 0.0464 0.8810 0.4709
vn 0.0865 -0.4696 0.8786
vn 0.0624 0.7715 0.6332
vn 0.0759 -0.6326 0.7708
vn 0.0759 0.6326 0.7708
vn 0.0624 -0.7715 0.6332
vn 0.0865 0.4696 0.8786
vn 0.0464 -0.8810 0.4709
vn 0.0938 0.2890 0.9527
vn 0.0286 -0.9565 0.2902
vn 0.0975 0.0975 0.9904
vn 0.0097 0.9951 0.0980
vn 0.0097 -0.9951 0.0980
vn 0.0975 -0.0975 0.9904
vn 0.0286 0.9565 0.2902
vn 0.0938 -0.2890 0.9527
vn -0.0938 0.2890 0.9527
vn -0.0286 -0.9565 0.2902
vn -0.0976 0.0975 0.9904
vn -0.0097 0.9951 0.0980
vn -0.0097 -0.9951 0.0980
vn -0.0976 -0.0975 0.9904
vn -0.0286 0.9565 0.2902
vn -0.0938 -0.2890 0.9527
vn -0.0464 0.8810 0.4709
vn -0.0865 -0.4696 0.8786
vn -0.0624 0.7715 0.6332
vn -0.0759 -0.6326 0.7708
vn -0.0759 0.6326 0.7708
vn -0.0624 -0.7715 0.6332
vn -0.0865 0.4696 0.8786
vn -0.0464 -0.8810 0.4709
vn -0.2563 -0.4696 0.8448
vn -0.1847 0.7715 0.6088
vn -0.2248 -0.6326 0.7412
vn -0.2248 0.6326 0.7412
vn -0.1847 -0.7715 0.6088
vn -0.2563 0.4696 0.8448
vn -0.1374 -0.8810 0.4528
vn -0.2779 0.2890 0.9161
vn -0.0846 -0.9565 0.2790
vn -0.2889 0.0975 0.9524
vn -0.0286 0.9951 0.0942
vn -0.0286 -0.9951 0.0942
vn -0.2889 -0.0975 0.9524
vn -0.0846 0.9565 0.2790
vn -0.2779 -0.2890 0.9161
vn -0.1374 0.8810 0.4528
vn -0.1374 -0.9565 0.2571
vn -0.4691 0.0975 0.8777
vn -0.0464 0.9951 0.0869
vn -0.0464 -0.9951 0.0869
vn -0.4691 -0.0975 0.8777
vn -0.1374 0.9565 0.2571
vn -0.4513 -0.2890 0.8443
vn -0.2230 0.8810 0.4173
vn -0.4162 -0.4696 0.7786
vn -0.2999 0.7715 0.5611
vn -0.3651 -0.6326 0.6831
vn -0.3651 0.6326 0.6831
vn -0.2999 -0.7715 0.5611
vn -0.4162 0.4696 0.7786
vn -0.2230 -0.8810 0.4173
vn -0.4513 0.2890 0.8443
vn -0.4036 0.7715 0.4918
vn -0.4913 -0.6326 0.5987
vn -0.4913 0.6326 0.5987
vn -0.4036 -0.7715 0.4918
vn -0.5601 0.4696 0.6825
vn -0.3002 -0.8810 0.3658
vn -0.6073 0.2890 0.7400
vn -0.1850 -0.9565 0.2254
vn -0.6314 0.0975 0.7693
vn -0.0625 0.9951 0.0761
vn -0.0625 -0.9951 0.0761
vn -0.6314 -0.0975 0.7693
vn -0.1850 0.9565 0.2254
vn -0.6073 -0.2890 0.7400
vn -0.3002 0.8810 0.3658
vn -0.5601 -0.4696 0.6825
vn -0.7693 0.0975 0.6314
vn -0.0761 0.9951 0.0625
vn -0.0761 -0.9951 0.0625
vn -0.7693 -0.0975 0.6314
vn -0.2254 0.9565 0.1850
vn -0.7400 -0.2890 0.6073
vn -0.3658 0.8810 0.3002
vn -0.6825 -0.4696 0.5601
vn -0.4918 0.7715 0.4036
vn -0.5987 -0.6326 0.4913
vn -0.5987 0.6326 0.4913
vn -0.4918 -0.7715 0.4036
vn -0.6825 0.4696 0.5601
vn -0.3658 -0.8810 0.3002
vn -0.7400 0.2890 0.6073
vn -0.2254 -0.9565 0.1850
vn -0.6831 -0.6326 0.3651
vn -0.6831 0.6326 0.3651
vn -0.5611 -0.7715 0.2999
vn -0.7786 0.4696 0.4162
vn -0.4173 -0.8810 0.2230
vn -0.8443 0.2890 0.4513
vn -0.2571 -0.9565 0.1374
vn -0.8777 0.0975 0.4691
vn -0.0869 0.9951 0.0464
vn -0.0869 -0.9951 0.0464
vn -0.8777 -0.0975 0.4691
vn -0.2571 0.9565 0.1374
vn -0.8443 -0.2890 0.4513
vn -0.4173 0.8810 0.2230
vn -0.7786 -0.4696 0.4162
vn -0.5611 0.7715 0.2999
vn -0.0942 -0.9951 0.0286
vn -0.9524 -0.0975 0.2889
vn -0.2790 0.9565 0.0846
vn -0.9161 -0.2890 0.2779
vn -0.4528 0.8810 0.1374
vn -0.8448 -0.4696 0.2563
vn -0.6088 0.7715 0.1847
vn -0.7412 -0.6326 0.2248
vn -0.7412 0.6326 0.2248
vn -0.6088 -0.7715 0.1847
vn -0.8448 0.4696 0.2563
vn -0.4528 -0.8810 0.1374
vn -0.9161 0.2890 0.2779
vn -0.2790 -0.9565 0.0846
vn -0.9524 0.0975 0.2889
vn -0.0942 0.9951 0.0286
vn -0.6332 -0.7715 0.0624
vn -0.8786 0.4696 0.0865
vn -0.4709 -0.8810 0.0464
vn -0.9527 0.2890 0.0938
vn -0.2902 -0.9565 0.0286
vn -0.9904 0.0975 0.0975
vn -0.0980 0.9951 0.0097
vn -0.0980 -0.9951 0.0097
vn -0.9904 -0.0975 0.0975
vn -0.2902 0.9565 0.0286
vn -0.9527 -0.2890 0.0938
vn -0.4709 0.8810 0.0464
vn -0.8786 -0.4696 0.0865
vn -0.6332 0.7715 0.0624
vn -0.7708 -0.6326 0.0759
vn -0.7708 0.6326 0.0759
vn -0.2902 0.9565 -0.0286
vn -0.9527 -0.2890 -0.0938
vn -0.4709 0.8810 -0.0464
vn -0.8786 -0.4696 -0.0865
vn -0.6332 0.7715 -0.0624
vn -0.7708 -0.6326 -0.0759
vn -0.7708 0.6326 -0.0759
vn -0.6332 -0.7715 -0.0624
vn -0.8786 0.4696 -0.0865
vn -0.4709 -0.8810 -0.0464
vn -0.9527 0.2890 -0.0938
vn -0.2902 -0.9565 -0.0286
vn -0.9904 0.0975 -0.0976
vn -0.0980 0.9951 -0.0097
vn -0.0980 -0.9951 -0.0097
vn -0.9904 -0.0975 -0.0976
vn -0.8448 0.4696 -0.2563
vn -0.4528 -0.8810 -0.1374
vn -0.9161 0.2890 -0.2779
vn -0.2790 -0.9565 -0.0846
vn -0.9524 0.0975 -0.2889
vn -0.0942 0.9951 -0.0286
vn -0.0942 -0.9951 -0.0286
vn -0.9524 -0.0975 -0.2889
vn -0.2790 0.9565 -0.0846
vn -0.9161 -0.2890 -0.2779
vn -0.4528 0.8810 -0.1374
vn -0.8448 -0.4696 -0.2563
vn -0.6088 0.7715 -0.1847
vn -0.7412 -0.6326 -0.2248
vn -0.7412 0.6326 -0.2248
vn -0.6088 -0.7715 -0.1847
vn -0.8443 -0.2890 -0.4513
vn -0.4173 0.8810 -0.2231
vn -0.7786 -0.4696 -0.4162
vn -0.5611 0.7715 -0.2999
vn -0.6831 -0.6326 -0.3651
vn -0.6831 0.6326 -0.3651
vn -0.5611 -0.7715 -0.2999
vn -0.7786 0.4696 -0.4162
vn -0.4173 -0.8810 -0.2231
vn -0.8443 0.2890 -0.4513
vn -0.2571 -0.9565 -0.1374
vn -0.8777 0.0975 -0.4691
vn -0.0869 0.9951 -0.0464
vn -0.0869 -0.9951 -0.0464
vn -0.8777 -0.0975 -0.4691
vn -0.2571 0.9565 -0.1374
vn -0.3658 -0.8810 -0.3002
vn -0.7400 0.2890 -0.6073
vn -0.2254 -0.9565 -0.1850
vn -0.7693 0.0975 -0.6314
vn -0.0761 0.9951 -0.0625
vn -0.0761 -0.9951 -0.0625
vn -0.7693 -0.0975 -0.6314
vn -0.2254 0.9565 -0.1850
vn -0.7400 -0.2890 -0.6073
vn -0.3658 0.8810 -0.3002
vn -0.6825 -0.4696 -0.5601
vn -0.4918 0.7715 -0.4036
vn -0.5987 -0.6326 -0.4913
vn -0.5987 0.6326 -0.4913
vn -0.4918 -0.7715 -0.4036
vn -0.6825 0.4696 -0.5601
vn -0.3002 0.8810 -0.3658
vn -0.5601 -0.4696 -0.6825
vn -0.4036 0.7715 -0.4918
vn -0.4913 -0.6326 -0.5987
vn -0.4913 0.6326 -0.5987
vn -0.4036 -0.7715 -0.4918
vn -0.5601 0.4696 -0.6825
vn -0.3002 -0.8810 -0.3658
vn -0.6073 0.2890 -0.7400
vn -0.1850 -0.9565 -0.2254
vn -0.6314 0.0975 -0.7693
vn -0.0625 0.9951 -0.0761
vn -0.0625 -0.9951 -0.0761
vn -0.6314 -0.0975 -0.7693
vn -0.1850 0.9565 -0.2254
vn -0.6073 -0.2890 -0.7400
vn -0.4513 0.2890 -0.8443
vn -0.1374 -0.9565 -0.2571
vn -0.4691 0.0975 -0.8777
vn -0.0464 0.9951 -0.0869
vn -0.0464 -0.9951 -0.0869
vn -0.4691 -0.0975 -0.8777
vn -0.1374 0.9565 -0.2571
vn -0.4513 -0.2890 -0.8443
vn -0.2230 0.8810 -0.4173
vn -0.4162 -0.4696 -0.7786
vn -0.2999 0.7715 -0.5611
vn -0.3651 -0.6326 -0.6831
vn -0.3651 0.6326 -0.6831
vn -0.2999 -0.7715 -0.5611
vn -0.4162 0.4696 -0.7786
vn -0.2230 -0.8810 -0.4173
vn -0.2563 -0.4696 -0.8448
vn -0.1847 0.7715 -0.6088
vn -0.2248 -0.6326 -0.7412
vn -0.2248 0.6326 -0.7412
vn -0.1847 -0.7715 -0.6088
vn -0.2563 0.4696 -0.8448
vn -0.1374 -0.8810 -0.4528
vn -0.2779 0.2890 -0.9161
vn -0.0846 -0.9565 -0.2790
vn -0.2889 0.0975 -0.9524
vn -0.0286 0.9951 -0.0942
vn -0.0286 -0.9951 -0.0942
vn -0.2889 -0.0975 -0.9524
vn -0.0846 0.9565 -0.2790
vn -0.2779 -0.2890 -0.9161
vn -0.1374 0.8810 -0.4528
vn -0.0286 -0.9565 -0.2902
vn -0.0976 0.0975 -0.9904
vn -0.0097 0.9951 -0.0980
vn -0.0097 -0.9951 -0.0980
vn -0.0976 -0.0975 -0.9904
vn -0.0286 0.9565 -0.2902
vn -0.0938 -0.2890 -0.9527
vn -0.0464 0.8810 -0.4709
vn -0.0865 -0.4696 -0.8786
vn -0.0624 0.7715 -0.6332
vn -0.0759 -0.6326 -0.7708
vn -0.0759 0.6326 -0.7708
vn -0.0624 -0.7715 -0.6332
vn -0.0865 0.4696 -0.8786
vn -0.0464 -0.8810 -0.4709
vn -0.0938 0.2890 -0.9527
vt 0.750000 0.812500
vt 0.750000 0.687500
vt 0.750000 0.562500
vt 0.750000 0.500000
vt 0.750000 0.437500
vt 0.750000 0.312500
vt 0.718750 0.937500
vt 0.718750 0.875000
vt 0.718750 0.812500
vt 0.718750 0.750000
vt 0.718750 0.687500
vt 0.718750 0.625000
vt 0.718750 0.562500
vt 0.718750 0.500000
vt 0.718750 0.437500
vt 0.718750 0.375000
vt 0.718750 0.312500
vt 0.718750 0.250000
vt 0.718750 0.187500
vt 0.718750 0.125000
vt 0.718750 0.062500
vt 0.687500 0.937500
vt 0.687500 0.875000
vt 0.687500 0.812500
vt 0.687500 0.750000
vt 0.687500 0.687500
vt 0.687500 0.625000
vt 0.687500 0.562500
vt 0.687500 0.500000
vt 0.687500 0.437500
vt 0.687500 0.375000
vt 0.687500 0.312500
vt 0.687500 0.250000
vt 0.687500 0.187500
vt 0.687500 0.125000
vt 0.687500 0.062500
vt 0.656250 0.937500
vt 0.656250 0.875000
vt 0.656250 0.812500
vt 0.656250 0.750000
vt 0.656250 0.687500
vt 0.656250 0.625000
vt 0.656250 0.562500
vt 0.656250 0.500000
vt 0.656250 0.437500
vt 0.656250 0.375000
vt 0.656250 0.312500
vt 0.656250 0.250000
vt 0.656250 0.187500
vt 0.656250 0.125000
vt 0.656250 0.062500
vt 0.625000 0.937500
vt 0.625000 0.875000
vt 0.625000 0.812500
vt 0.625000 0.750000
vt 0.625000 0.687500
vt 0.625000 0.625000
vt 0.625000 0.562500
vt 0.625000 0.500000
vt 0.625000 0.437500
vt 0.625000 0.375000
vt 0.625000 0.312500
vt 0.625000 0.250000
vt 0.625000 0.187500
vt 0.625000 0.125000
vt 0.625000 0.062500
vt 0.593750 0.937500
vt 0.593750 0.875000
vt 0.593750 0.812500
vt 0.593750 0.750000
vt 0.593750 0.687500
vt 0.593750 0.625000
vt 0.593750 0.562500
vt 0.593750 0.500000
vt 0.593750 0.437500
vt 0.593750 0.375000
vt 0.593750 0.312500
vt 0.593750 0.250000
vt 0.593750 0.187500
vt 0.593750 0.125000
vt 0.593750 0.062500
vt 0.734375 1.000000
vt 0.703125 1.000000
vt 0.671875 1.000000
vt 0.640625 1.000000
vt 0.609375 1.000000
vt 0.578125 1.000000
vt 0.546875 1.000000
vt 0.515625 1.000000
vt 0.484375 1.000000
vt 0.453125 1.000000
vt 0.421875 1.000000
vt 0.390625 1.000000
vt 0.359375 1.000000
vt 0.328125 1.000000
vt 0.296875 1.000000
vt 0.265625 1.000000
vt 0.234375 1.000000
vt 0.203125 1.000000
vt 0.171875 1.000000
vt 0.140625 1.000000
vt 0.109375 1.000000
vt 0.078125 1.000000
vt 0.046875 1.000000
vt 0.015625 1.000000
vt 0.984375 1.000000
vt 0.953125 1.000000
vt 0.921875 1.000000
vt 0.890625 1.000000
vt 0.859375 1.000000
vt 0.828125 1.000000
vt 0.796875 1.000000
vt 0.765625 1.000000
vt 0.562500 0.937500
vt 0.562500 0.875000
vt 0.562500 0.812500
vt 0.562500 0.750000
vt 0.562500 0.687500
vt 0.562500 0.625000
vt 0.562500 0.562500
vt 0.562500 0.500000
vt 0.562500 0.437500
vt 0.562500 0.375000
vt 0.562500 0.312500
vt 0.562500 0.250000
vt 0.562500 0.187500
vt 0.562500 0.125000
vt 0.562500 0.062500
vt 0.531250 0.937500
vt 0.531250 0.875000
vt 0.531250 0.812500
vt 0.531250 0.750000
vt 0.531250 0.687500
vt 0.531250 0.625000
vt 0.531250 0.562500
vt 0.531250 0.500000
vt 0.531250 0.437500
vt 0.531250 0.375000
vt 0.531250 0.312500
vt 0.531250 0.250000
vt 0.531250 0.187500
vt 0.531250 0.125000
vt 0.531250 0.062500
vt 0.500000 0.937500
vt 0.500000 0.875000
vt 0.500000 0.812500
vt 0.500000 0.750000
vt 0.500000 0.687500
vt 0.500000 0.625000
vt 0.500000 0.562500
vt 0.500000 0.500000
vt 0.500000 0.437500
vt 0.500000 0.375000
vt 0.500000 0.312500
vt 0.500000 0.250000
vt 0.500000 0.187500
vt 0.500000 0.125000
vt 0.500000 0.062500
vt 0.468750 0.937500
vt 0.468750 0.875000
vt 0.468750 0.812500
vt 0.468750 0.750000
vt 0.468750 0.687500
vt 0.468750 0.625000
vt 0.468750 0.562500
vt 0.468750 0.500000
vt 0.468750 0.437500
vt 0.468750 0.375000
vt 0.468750 0.312500
vt 0.468750 0.250000
vt 0.468750 0.187500
vt 0.468750 0.125000
vt 0.468750 0.062500
vt 0.437500 0.937500
vt 0.437500 0.875000
vt 0.437500 0.812500
vt 0.437500 0.750000
vt 0.437500 0.687500
vt 0.437500 0.625000
vt 0.437500 0.562500
vt 0.437500 0.500000
vt 0.437500 0.437500
vt 0.437500 0.375000
vt 0.437500 0.312500
vt 0.437500 0.250000
vt 0.437500 0.187500
vt 0.437500 0.125000
vt 0.437500 0.062500
vt 0.406250 0.937500
vt 0.406250 0.875000
vt 0.406250 0.812500
vt 0.406250 0.750000
vt 0.406250 0.687500
vt 0.406250 0.625000
vt 0.406250 0.562500
vt 0.406250 0.500000
vt 0.406250 0.437500
vt 0.406250 0.375000
vt 0.406250 0.312500
vt 0.406250 0.250000
vt 0.406250 0.187500
vt 0.406250 0.125000
vt 0.406250 0.062500
vt 0.375000 0.937500
vt 0.375000 0.875000
vt 0.375000 0.812500
vt 0.375000 0.750000
vt 0.375000 0.687500
vt 0.375000 0.625000
vt 0.375000 0.562500
vt 0.375000 0.500000
vt 0.375000 0.437500
vt 0.375000 0.375000
vt 0.375000 0.312500
vt 0.375000 0.250000
vt 0.375000 0.187500
vt 0.375000 0.125000
vt 0.375000 0.062500
vt 0.343750 0.937500
vt 0.343750 0.875000
vt 0.343750 0.812500
vt 0.343750 0.750000
vt 0.343750 0.687500
vt 0.343750 0.625000
vt 0.343750 0.562500
vt 0.343750 0.500000
vt 0.343750 0.437500
vt 0.343750 0.375000
vt 0.343750 0.312500
vt 0.343750 0.250000
vt 0.343750 0.187500
vt 0.343750 0.125000
vt 0.343750 0.062500
vt 0.312500 0.937500
vt 0.312500 0.875000
vt 0.312500 0.812500
vt 0.312500 0.750000
vt 0.312500 0.687500
vt 0.312500 0.625000
vt 0.312500 0.562500
vt 0.312500 0.500000
vt 0.312500 0.437500
vt 0.312500 0.375000
vt 0.312500 0.312500
vt 0.312500 0.250000
vt 0.312500 0.187500
vt 0.312500 0.125000
vt 0.312500 0.062500
vt 0.281250 0.937500
vt 0.281250 0.875000
vt 0.281250 0.812500
vt 0.281250 0.750000
vt 0.281250 0.687500
vt 0.281250 0.625000
vt 0.281250 0.562500
vt 0.281250 0.500000
vt 0.281250 0.437500
vt 0.281250 0.375000
vt 0.281250 0.312500
vt 0.281250 0.250000
vt 0.281250 0.187500
vt 0.281250 0.125000
vt 0.281250 0.062500
vt 0.250000 0.937500
vt 0.250000 0.875000
vt 0.250000 0.812500
vt 0.250000 0.750000
vt 0.250000 0.687500
vt 0.250000 0.625000
vt 0.250000 0.562500
vt 0.250000 0.500000
vt 0.250000 0.437500
vt 0.250000 0.375000
vt 0.250000 0.312500
vt 0.250000 0.250000
vt 0.250000 0.187500
vt 0.250000 0.125000
vt 0.250000 0.062500
vt 0.218750 0.937500
vt 0.218750 0.875000
vt 0.218750 0.812500
vt 0.218750 0.750000
vt 0.218750 0.687500
vt 0.218750 0.625000
vt 0.218750 0.562500
vt 0.218750 0.500000
vt 0.218750 0.437500
vt 0.218750 0.375000
vt 0.218750 0.312500
vt 0.218750 0.250000
vt 0.218750 0.187500
vt 0.218750 0.125000
vt 0.218750 0.062500
vt 0.187500 0.937500
vt 0.187500 0.875000
vt 0.187500 0.812500
vt 0.187500 0.750000
vt 0.187500 0.687500
vt 0.187500 0.625000
vt 0.187500 0.562500
vt 0.187500 0.500000
vt 0.187500 0.437500
vt 0.187500 0.375000
vt 0.187500 0.312500
vt 0.187500 0.250000
vt 0.187500 0.187500
vt 0.187500 0.125000
vt 0.187500 0.062500
vt 0.156250 0.937500
vt 0.156250 0.875000
vt 0.156250 0.812500
vt 0.156250 0.750000
vt 0.156250 0.687500
vt 0.156250 0.625000
vt 0.156250 0.562500
vt 0.156250 0.500000
vt 0.156250 0.437500
vt 0.156250 0.375000
vt 0.156250 0.312500
vt 0.156250 0.250000
vt 0.156250 0.187500
vt 0.156250 0.125000
vt 0.156250 0.062500
vt 0.125000 0.937500
vt 0.125000 0.875000
vt 0.125000 0.812500
vt 0.125000 0.750000
vt 0.125000 0.687500
vt 0.125000 0.625000
vt 0.125000 0.562500
vt 0.125000 0.500000
vt 0.125000 0.437500
vt 0.125000 0.375000
vt 0.125000 0.312500
vt 0.125000 0.250000
vt 0.125000 0.187500
vt 0.125000 0.125000
vt 0.125000 0.062500
vt 0.734375 0.000000
vt 0.703125 0.000000
vt 0.671875 0.000000
vt 0.640625 0.000000
vt 0.609375 0.000000
vt 0.578125 0.000000
vt 0.546875 0.000000
vt 0.515625 0.000000
vt 0.484375 0.000000
vt 0.453125 0.000000
vt 0.421875 0.000000
vt 0.390625 0.000000
vt 0.359375 0.000000
vt 0.328125 0.000000
vt 0.296875 0.000000
vt 0.265625 0.000000
vt 0.234375 0.000000
vt 0.203125 0.000000
vt 0.171875 0.000000
vt 0.140625 0.000000
vt 0.109375 0.000000
vt 0.078125 0.000000
vt 0.046875 0.000000
vt 0.015625 0.000000
vt 0.984375 0.000000
vt 0.953125 0.000000
vt 0.921875 0.000000
vt 0.890625 0.000000
vt 0.859375 0.000000
vt 0.828125 0.000000
vt 0.796875 0.000000
vt 0.765625 0.000000
vt 0.093750 0.937500
vt 0.093750 0.875000
vt 0.093750 0.812500
vt 0.093750 0.750000
vt 0.093750 0.687500
vt 0.093750 0.625000
vt 0.093750 0.562500
vt 0.093750 0.500000
vt 0.093750 0.437500
vt 0.093750 0.375000
vt 0.093750 0.312500
vt 0.093750 0.250000
vt 0.093750 0.187500
vt 0.093750 0.125000
vt 0.093750 0.062500
vt 0.062500 0.937500
vt 0.062500 0.875000
vt 0.062500 0.812500
vt 0.062500 0.750000
vt 0.062500 0.687500
vt 0.062500 0.625000
vt 0.062500 0.562500
vt 0.062500 0.500000
vt 0.062500 0.437500
vt 0.062500 0.375000
vt 0.062500 0.312500
vt 0.062500 0.250000
vt 0.062500 0.187500
vt 0.062500 0.125000
vt 0.062500 0.062500
vt 0.031250 0.937500
vt 0.031250 0.875000
vt 0.031250 0.812500
vt 0.031250 0.750000
vt 0.031250 0.687500
vt 0.031250 0.625000
vt 0.031250 0.562500
vt 0.031250 0.500000
vt 0.031250 0.437500
vt 0.031250 0.375000
vt 0.031250 0.312500
vt 0.031250 0.250000
vt 0.031250 0.187500
vt 0.031250 0.125000
vt 0.031250 0.062500
vt 0.000000 0.937500
vt 1.000000 0.937500
vt 0.000000 0.875000
vt 1.000000 0.875000
vt 0.000000 0.812500
vt 1.000000 0.812500
vt 0.000000 0.750000
vt 1.000000 0.750000
vt 0.000000 0.687500
vt 1.000000 0.687500
vt 0.000000 0.625000
vt 1.000000 0.625000
vt 0.000000 0.562500
vt 1.000000 0.562500
vt 0.000000 0.500000
vt 1.000000 0.500000
vt 0.000000 0.437500
vt 1.000000 0.437500
vt 0.000000 0.375000
vt 1.000000 0.375000
vt 0.000000 0.312500
vt 1.000000 0.312500
vt 0.000000 0.250000
vt 1.000000 0.250000
vt 0.000000 0.187500
vt 1.000000 0.187500
vt 0.000000 0.125000
vt 1.000000 0.125000
vt 0.000000 0.062500
vt 1.000000 0.062500
vt 0.968750 0.937500
vt 0.968750 0.875000
vt 0.968750 0.812500
vt 0.968750 0.750000
vt 0.968750 0.687500
vt 0.968750 0.625000
vt 0.968750 0.562500
vt 0.968750 0.500000
vt 0.968750 0.437500
vt 0.968750 0.375000
vt 0.968750 0.312500
vt 0.968750 0.250000
vt 0.968750 0.187500
vt 0.968750 0.125000
vt 0.968750 0.062500
vt 0.937500 0.937500
vt 0.937500 0.875000
vt 0.937500 0.812500
vt 0.937500 0.750000
vt 0.937500 0.687500
vt 0.937500 0.625000
vt 0.937500 0.562500
vt 0.937500 0.500000
vt 0.937500 0.437500
vt 0.937500 0.375000
vt 0.937500 0.312500
vt 0.937500 0.250000
vt 0.937500 0.187500
vt 0.937500 0.125000
vt 0.937500 0.062500
vt 0.906250 0.937500
vt 0.906250 0.875000
vt 0.906250 0.812500
vt 0.906250 0.750000
vt 0.906250 0.687500
vt 0.906250 0.625000
vt 0.906250 0.562500
vt 0.906250 0.500000
vt 0.906250 0.437500
vt 0.906250 0.375000
vt 0.906250 0.312500
vt 0.906250 0.250000
vt 0.906250 0.187500
vt 0.906250 0.125000
vt 0.906250 0.062500
vt 0.875000 0.937500
vt 0.875000 0.875000
vt 0.875000 0.812500
vt 0.875000 0.750000
vt 0.875000 0.687500
vt 0.875000 0.625000
vt 0.875000 0.562500
vt 0.875000 0.500000
vt 0.875000 0.437500
vt 0.875000 0.375000
vt 0.875000 0.312500
vt 0.875000 0.250000
vt 0.875000 0.187500
vt 0.875000 0.125000
vt 0.875000 0.062500
vt 0.843750 0.937500
vt 0.843750 0.875000
vt 0.843750 0.812500
vt 0.843750 0.750000
vt 0.843750 0.687500
vt 0.843750 0.625000
vt 0.843750 0.562500
vt 0.843750 0.500000
vt 0.843750 0.437500
vt 0.843750 0.375000
vt 0.843750 0.312500
vt 0.843750 0.250000
vt 0.843750 0.187500
vt 0.843750 0.125000
vt 0.843750 0.062500
vt 0.812500 0.937500
vt 0.812500 0.875000
vt 0.812500 0.812500
vt 0.812500 0.750000
vt 0.812500 0.687500
vt 0.812500 0.625000
vt 0.812500 0.562500
vt 0.812500 0.500000
vt 0.812500 0.437500
vt 0.812500 0.375000
vt 0.812500 0.312500
vt 0.812500 0.250000
vt 0.812500 0.187500
vt 0.812500 0.125000
vt 0.812500 0.062500
vt 0.781250 0.937500
vt 0.781250 0.875000
vt 0.781250 0.812500
vt 0.781250 0.750000
vt 0.781250 0.687500
vt 0.781250 0.625000
vt 0.781250 0.562500
vt 0.781250 0.500000
vt 0.781250 0.437500
vt 0.781250 0.375000
vt 0.781250 0.312500
vt 0.781250 0.250000
vt 0.781250 0.187500
vt 0.781250 0.125000
vt 0.781250 0.062500
vt 0.750000 0.937500
vt 0.750000 0.875000
vt 0.750000 0.750000
vt 0.750000 0.625000
vt 0.750000 0.375000
vt 0.750000 0.250000
vt 0.750000 0.187500
vt 0.750000 0.125000
vt 0.750000 0.062500
s 0
usemtl Material.005
f 1940/2248/1542 1939/2247/1542 1478/1709/1542 1479/1710/1542
f 1462/1693/1543 1461/1692/1543 1471/1702/1543 1472/1703/1543
f 1932/2240/1544 1540/1771/1544 1465/1696/1544
f 1766/2028/1545 1940/2248/1545 1479/1710/1545
f 1463/1694/1546 1462/1693/1546 1472/1703/1546 1473/1704/1546
f 1933/2241/1547 1932/2240/1547 1465/1696/1547 1466/1697/1547
f 1936/2244/1548 1463/1694/1548 1473/1704/1548 1474/1705/1548
f 1459/1690/1549 1933/2241/1549 1466/1697/1549 1467/1698/1549
f 1464/1695/1550 1936/2244/1550 1474/1705/1550 1475/1706/1550
f 1934/2242/1551 1459/1690/1551 1467/1698/1551 1468/1699/1551
f 1937/2245/1552 1464/1695/1552 1475/1706/1552 1476/1707/1552
f 1460/1691/1553 1934/2242/1553 1468/1699/1553 1469/1700/1553
f 1938/2246/1554 1937/2245/1554 1476/1707/1554 1477/1708/1554
f 1935/2243/1555 1460/1691/1555 1469/1700/1555 1470/1701/1555
f 1939/2247/1556 1938/2246/1556 1477/1708/1556 1478/1709/1556
f 1461/1692/1557 1935/2243/1557 1470/1701/1557 1471/1702/1557
f 1470/1701/1558 1469/1700/1558 1484/1715/1558 1485/1716/1558
f 1478/1709/1559 1477/1708/1559 1492/1723/1559 1493/1724/1559
f 1471/1702/1560 1470/1701/1560 1485/1716/1560 1486/1717/1560
f 1479/1710/1561 1478/1709/1561 1493/1724/1561 1494/1725/1561
f 1472/1703/1562 1471/1702/1562 1486/1717/1562 1487/1718/1562
f 1465/1696/1563 1540/1772/1563 1480/1711/1563
f 1766/2029/1564 1479/1710/1564 1494/1725/1564
f 1473/1704/1565 1472/1703/1565 1487/1718/1565 1488/1719/1565
f 1466/1697/1566 1465/1696/1566 1480/1711/1566 1481/1712/1566
f 1474/1705/1567 1473/1704/1567 1488/1719/1567 1489/1720/1567
f 1467/1698/1568 1466/1697/1568 1481/1712/1568 1482/1713/1568
f 1475/1706/1569 1474/1705/1569 1489/1720/1569 1490/1721/1569
f 1468/1699/1570 1467/1698/1570 1482/1713/1570 1483/1714/1570
f 1476/1707/1571 1475/1706/1571 1490/1721/1571 1491/1722/1571
f 1469/1700/1572 1468/1699/1572 1483/1714/1572 1484/1715/1572
f 1477/1708/1573 1476/1707/1573 1491/1722/1573 1492/1723/1573
f 1489/1720/1574 1488/1719/1574 1503/1734/1574 1504/1735/1574
f 1482/1713/1575 1481/1712/1575 1496/1727/1575 1497/1728/1575
f 1490/1721/1576 1489/1720/1576 1504/1735/1576 1505/1736/1576
f 1483/1714/1577 1482/1713/1577 1497/1728/1577 1498/1729/1577
f 1491/1722/1578 1490/1721/1578 1505/1736/1578 1506/1737/1578
f 1484/1715/1579 1483/1714/1579 1498/1729/1579 1499/1730/1579
f 1492/1723/1580 1491/1722/1580 1506/1737/1580 1507/1738/1580
f 1485/1716/1581 1484/1715/1581 1499/1730/1581 1500/1731/1581
f 1493/1724/1582 1492/1723/1582 1507/1738/1582 1508/1739/1582
f 1486/1717/1583 1485/1716/1583 1500/1731/1583 1501/1732/1583
f 1494/1725/1584 1493/1724/1584 1508/1739/1584 1509/1740/1584
f 1487/1718/1585 1486/1717/1585 1501/1732/1585 1502/1733/1585
f 1480/1711/1586 1540/1773/1586 1495/1726/1586
f 1766/2030/1587 1494/1725/1587 1509/1740/1587
f 1488/1719/1588 1487/1718/1588 1502/1733/1588 1503/1734/1588
f 1481/1712/1589 1480/1711/1589 1495/1726/1589 1496/1727/1589
f 1508/1739/1590 1507/1738/1590 1522/1753/1590 1523/1754/1590
f 1501/1732/1591 1500/1731/1591 1515/1746/1591 1516/1747/1591
f 1509/1740/1592 1508/1739/1592 1523/1754/1592 1524/1755/1592
f 1502/1733/1593 1501/1732/1593 1516/1747/1593 1517/1748/1593
f 1495/1726/1594 1540/1774/1594 1510/1741/1594
f 1766/2031/1595 1509/1740/1595 1524/1755/1595
f 1503/1734/1596 1502/1733/1596 1517/1748/1596 1518/1749/1596
f 1496/1727/1597 1495/1726/1597 1510/1741/1597 1511/1742/1597
f 1504/1735/1598 1503/1734/1598 1518/1749/1598 1519/1750/1598
f 1497/1728/1599 1496/1727/1599 1511/1742/1599 1512/1743/1599
f 1505/1736/1600 1504/1735/1600 1519/1750/1600 1520/1751/1600
f 1498/1729/1601 1497/1728/1601 1512/1743/1601 1513/1744/1601
f 1506/1737/1602 1505/1736/1602 1520/1751/1602 1521/1752/1602
f 1499/1730/1603 1498/1729/1603 1513/1744/1603 1514/1745/1603
f 1507/1738/1604 1506/1737/1604 1521/1752/1604 1522/1753/1604
f 1500/1731/1605 1499/1730/1605 1514/1745/1605 1515/1746/1605
f 1520/1751/1606 1519/1750/1606 1534/1765/1606 1535/1766/1606
f 1513/1744/1607 1512/1743/1607 1527/1758/1607 1528/1759/1607
f 1521/1752/1608 1520/1751/1608 1535/1766/1608 1536/1767/1608
f 1514/1745/1609 1513/1744/1609 1528/1759/1609 1529/1760/1609
f 1522/1753/1610 1521/1752/1610 1536/1767/1610 1537/1768/1610
f 1515/1746/1611 1514/1745/1611 1529/1760/1611 1530/1761/1611
f 1523/1754/1612 1522/1753/1612 1537/1768/1612 1538/1769/1612
f 1516/1747/1613 1515/1746/1613 1530/1761/1613 1531/1762/1613
f 1524/1755/1614 1523/1754/1614 1538/1769/1614 1539/1770/1614
f 1517/1748/1615 1516/1747/1615 1531/1762/1615 1532/1763/1615
f 1510/1741/1616 1540/1775/1616 1525/1756/1616
f 1766/2032/1617 1524/1755/1617 1539/1770/1617
f 1518/1749/1618 1517/1748/1618 1532/1763/1618 1533/1764/1618
f 1511/1742/1619 1510/1741/1619 1525/1756/1619 1526/1757/1619
f 1519/1750/1620 1518/1749/1620 1533/1764/1620 1534/1765/1620
f 1512/1743/1621 1511/1742/1621 1526/1757/1621 1527/1758/1621
f 1539/1770/1622 1538/1769/1622 1554/1816/1622 1555/1817/1622
f 1532/1763/1623 1531/1762/1623 1547/1809/1623 1548/1810/1623
f 1525/1756/1624 1540/1776/1624 1541/1803/1624
f 1766/2033/1625 1539/1770/1625 1555/1817/1625
f 1533/1764/1626 1532/1763/1626 1548/1810/1626 1549/1811/1626
f 1526/1757/1627 1525/1756/1627 1541/1803/1627 1542/1804/1627
f 1534/1765/1628 1533/1764/1628 1549/1811/1628 1550/1812/1628
f 1527/1758/1629 1526/1757/1629 1542/1804/1629 1543/1805/1629
f 1535/1766/1630 1534/1765/1630 1550/1812/1630 1551/1813/1630
f 1528/1759/1631 1527/1758/1631 1543/1805/1631 1544/1806/1631
f 1536/1767/1632 1535/1766/1632 1551/1813/1632 1552/1814/1632
f 1529/1760/1633 1528/1759/1633 1544/1806/1633 1545/1807/1633
f 1537/1768/1634 1536/1767/1634 1552/1814/1634 1553/1815/1634
f 1530/1761/1635 1529/1760/1635 1545/1807/1635 1546/1808/1635
f 1538/1769/1636 1537/1768/1636 1553/1815/1636 1554/1816/1636
f 1531/1762/1637 1530/1761/1637 1546/1808/1637 1547/1809/1637
f 1544/1806/1638 1543/1805/1638 1558/1820/1638 1559/1821/1638
f 1552/1814/1639 1551/1813/1639 1566/1828/1639 1567/1829/1639
f 1545/1807/1640 1544/1806/1640 1559/1821/1640 1560/1822/1640
f 1553/1815/1641 1552/1814/1641 1567/1829/1641 1568/1830/1641
f 1546/1808/1642 1545/1807/1642 1560/1822/1642 1561/1823/1642
f 1554/1816/1643 1553/1815/1643 1568/1830/1643 1569/1831/1643
f 1547/1809/1644 1546/1808/1644 1561/1823/1644 1562/1824/1644
f 1555/1817/1645 1554/1816/1645 1569/1831/1645 1570/1832/1645
f 1548/1810/1646 1547/1809/1646 1562/1824/1646 1563/1825/1646
f 1541/1803/1647 1540/1777/1647 1556/1818/1647
f 1766/2034/1648 1555/1817/1648 1570/1832/1648
f 1549/1811/1649 1548/1810/1649 1563/1825/1649 1564/1826/1649
f 1542/1804/1650 1541/1803/1650 1556/1818/1650 1557/1819/1650
f 1550/1812/1651 1549/1811/1651 1564/1826/1651 1565/1827/1651
f 1543/1805/1652 1542/1804/1652 1557/1819/1652 1558/1820/1652
f 1551/1813/1653 1550/1812/1653 1565/1827/1653 1566/1828/1653
f 1563/1825/1654 1562/1824/1654 1577/1839/1654 1578/1840/1654
f 1556/1818/1655 1540/1778/1655 1571/1833/1655
f 1766/2035/1656 1570/1832/1656 1585/1847/1656
f 1564/1826/1657 1563/1825/1657 1578/1840/1657 1579/1841/1657
f 1557/1819/1658 1556/1818/1658 1571/1833/1658 1572/1834/1658
f 1565/1827/1659 1564/1826/1659 1579/1841/1659 1580/1842/1659
f 1558/1820/1660 1557/1819/1660 1572/1834/1660 1573/1835/1660
f 1566/1828/1661 1565/1827/1661 1580/1842/1661 1581/1843/1661
f 1559/1821/1662 1558/1820/1662 1573/1835/1662 1574/1836/1662
f 1567/1829/1663 1566/1828/1663 1581/1843/1663 1582/1844/1663
f 1560/1822/1664 1559/1821/1664 1574/1836/1664 1575/1837/1664
f 1568/1830/1665 1567/1829/1665 1582/1844/1665 1583/1845/1665
f 1561/1823/1666 1560/1822/1666 1575/1837/1666 1576/1838/1666
f 1569/1831/1667 1568/1830/1667 1583/1845/1667 1584/1846/1667
f 1562/1824/1668 1561/1823/1668 1576/1838/1668 1577/1839/1668
f 1570/1832/1669 1569/1831/1669 1584/1846/1669 1585/1847/1669
f 1582/1844/1670 1581/1843/1670 1596/1858/1670 1597/1859/1670
f 1575/1837/1671 1574/1836/1671 1589/1851/1671 1590/1852/1671
f 1583/1845/1672 1582/1844/1672 1597/1859/1672 1598/1860/1672
f 1576/1838/1673 1575/1837/1673 1590/1852/1673 1591/1853/1673
f 1584/1846/1674 1583/1845/1674 1598/1860/1674 1599/1861/1674
f 1577/1839/1675 1576/1838/1675 1591/1853/1675 1592/1854/1675
f 1585/1847/1676 1584/1846/1676 1599/1861/1676 1600/1862/1676
f 1578/1840/1677 1577/1839/1677 1592/1854/1677 1593/1855/1677
f 1571/1833/1678 1540/1779/1678 1586/1848/1678
f 1766/2036/1679 1585/1847/1679 1600/1862/1679
f 1579/1841/1680 1578/1840/1680 1593/1855/1680 1594/1856/1680
f 1572/1834/1681 1571/1833/1681 1586/1848/1681 1587/1849/1681
f 1580/1842/1682 1579/1841/1682 1594/1856/1682 1595/1857/1682
f 1573/1835/1683 1572/1834/1683 1587/1849/1683 1588/1850/1683
f 1581/1843/1684 1580/1842/1684 1595/1857/1684 1596/1858/1684
f 1574/1836/1685 1573/1835/1685 1588/1850/1685 1589/1851/1685
f 1586/1848/1686 1540/1780/1686 1601/1863/1686
f 1766/2037/1687 1600/1862/1687 1615/1877/1687
f 1594/1856/1688 1593/1855/1688 1608/1870/1688 1609/1871/1688
f 1587/1849/1689 1586/1848/1689 1601/1863/1689 1602/1864/1689
f 1595/1857/1690 1594/1856/1690 1609/1871/1690 1610/1872/1690
f 1588/1850/1691 1587/1849/1691 1602/1864/1691 1603/1865/1691
f 1596/1858/1692 1595/1857/1692 1610/1872/1692 1611/1873/1692
f 1589/1851/1693 1588/1850/1693 1603/1865/1693 1604/1866/1693
f 1597/1859/1694 1596/1858/1694 1611/1873/1694 1612/1874/1694
f 1590/1852/1695 1589/1851/1695 1604/1866/1695 1605/1867/1695
f 1598/1860/1696 1597/1859/1696 1612/1874/1696 1613/1875/1696
f 1591/1853/1697 1590/1852/1697 1605/1867/1697 1606/1868/1697
f 1599/1861/1698 1598/1860/1698 1613/1875/1698 1614/1876/1698
f 1592/1854/1699 1591/1853/1699 1606/1868/1699 1607/1869/1699
f 1600/1862/1700 1599/1861/1700 1614/1876/1700 1615/1877/1700
f 1593/1855/1701 1592/1854/1701 1607/1869/1701 1608/1870/1701
f 1605/1867/1702 1604/1866/1702 1619/1881/1702 1620/1882/1702
f 1613/1875/1703 1612/1874/1703 1627/1889/1703 1628/1890/1703
f 1606/1868/1704 1605/1867/1704 1620/1882/1704 1621/1883/1704
f 1614/1876/1705 1613/1875/1705 1628/1890/1705 1629/1891/1705
f 1607/1869/1706 1606/1868/1706 1621/1883/1706 1622/1884/1706
f 1615/1877/1707 1614/1876/1707 1629/1891/1707 1630/1892/1707
f 1608/1870/1708 1607/1869/1708 1622/1884/1708 1623/1885/1708
f 1601/1863/1709 1540/1781/1709 1616/1878/1709
f 1766/2038/1710 1615/1877/1710 1630/1892/1710
f 1609/1871/1711 1608/1870/1711 1623/1885/1711 1624/1886/1711
f 1602/1864/1712 1601/1863/1712 1616/1878/1712 1617/1879/1712
f 1610/1872/1713 1609/1871/1713 1624/1886/1713 1625/1887/1713
f 1603/1865/1714 1602/1864/1714 1617/1879/1714 1618/1880/1714
f 1611/1873/1715 1610/1872/1715 1625/1887/1715 1626/1888/1715
f 1604/1866/1716 1603/1865/1716 1618/1880/1716 1619/1881/1716
f 1612/1874/1717 1611/1873/1717 1626/1888/1717 1627/1889/1717
f 1624/1886/1718 1623/1885/1718 1638/1900/1718 1639/1901/1718
f 1617/1879/1719 1616/1878/1719 1631/1893/1719 1632/1894/1719
f 1625/1887/1720 1624/1886/1720 1639/1901/1720 1640/1902/1720
f 1618/1880/1721 1617/1879/1721 1632/1894/1721 1633/1895/1721
f 1626/1888/1722 1625/1887/1722 1640/1902/1722 1641/1903/1722
f 1619/1881/1723 1618/1880/1723 1633/1895/1723 1634/1896/1723
f 1627/1889/1724 1626/1888/1724 1641/1903/1724 1642/1904/1724
f 1620/1882/1725 1619/1881/1725 1634/1896/1725 1635/1897/1725
f 1628/1890/1726 1627/1889/1726 1642/1904/1726 1643/1905/1726
f 1621/1883/1727 1620/1882/1727 1635/1897/1727 1636/1898/1727
f 1629/1891/1728 1628/1890/1728 1643/1905/1728 1644/1906/1728
f 1622/1884/1729 1621/1883/1729 1636/1898/1729 1637/1899/1729
f 1630/1892/1730 1629/1891/1730 1644/1906/1730 1645/1907/1730
f 1623/1885/1731 1622/1884/1731 1637/1899/1731 1638/1900/1731
f 1616/1878/1732 1540/1782/1732 1631/1893/1732
f 1766/2039/1733 1630/1892/1733 1645/1907/1733
f 1643/1905/1734 1642/1904/1734 1657/1919/1734 1658/1920/1734
f 1636/1898/1735 1635/1897/1735 1650/1912/1735 1651/1913/1735
f 1644/1906/1736 1643/1905/1736 1658/1920/1736 1659/1921/1736
f 1637/1899/1737 1636/1898/1737 1651/1913/1737 1652/1914/1737
f 1645/1907/1738 1644/1906/1738 1659/1921/1738 1660/1922/1738
f 1638/1900/1739 1637/1899/1739 1652/1914/1739 1653/1915/1739
f 1631/1893/1740 1540/1783/1740 1646/1908/1740
f 1766/2040/1741 1645/1907/1741 1660/1922/1741
f 1639/1901/1742 1638/1900/1742 1653/1915/1742 1654/1916/1742
f 1632/1894/1743 1631/1893/1743 1646/1908/1743 1647/1909/1743
f 1640/1902/1744 1639/1901/1744 1654/1916/1744 1655/1917/1744
f 1633/1895/1745 1632/1894/1745 1647/1909/1745 1648/1910/1745
f 1641/1903/1746 1640/1902/1746 1655/1917/1746 1656/1918/1746
f 1634/1896/1747 1633/1895/1747 1648/1910/1747 1649/1911/1747
f 1642/1904/1748 1641/1903/1748 1656/1918/1748 1657/1919/1748
f 1635/1897/1749 1634/1896/1749 1649/1911/1749 1650/1912/1749
f 1655/1917/1750 1654/1916/1750 1669/1931/1750 1670/1932/1750
f 1648/1910/1751 1647/1909/1751 1662/1924/1751 1663/1925/1751
f 1656/1918/1752 1655/1917/1752 1670/1932/1752 1671/1933/1752
f 1649/1911/1753 1648/1910/1753 1663/1925/1753 1664/1926/1753
f 1657/1919/1754 1656/1918/1754 1671/1933/1754 1672/1934/1754
f 1650/1912/1755 1649/1911/1755 1664/1926/1755 1665/1927/1755
f 1658/1920/1756 1657/1919/1756 1672/1934/1756 1673/1935/1756
f 1651/1913/1757 1650/1912/1757 1665/1927/1757 1666/1928/1757
f 1659/1921/1758 1658/1920/1758 1673/1935/1758 1674/1936/1758
f 1652/1914/1759 1651/1913/1759 1666/1928/1759 1667/1929/1759
f 1660/1922/1760 1659/1921/1760 1674/1936/1760 1675/1937/1760
f 1653/1915/1761 1652/1914/1761 1667/1929/1761 1668/1930/1761
f 1646/1908/1762 1540/1784/1762 1661/1923/1762
f 1766/2041/1763 1660/1922/1763 1675/1937/1763
f 1654/1916/1764 1653/1915/1764 1668/1930/1764 1669/1931/1764
f 1647/1909/1765 1646/1908/1765 1661/1923/1765 1662/1924/1765
f 1674/1936/1766 1673/1935/1766 1688/1950/1766 1689/1951/1766
f 1667/1929/1767 1666/1928/1767 1681/1943/1767 1682/1944/1767
f 1675/1937/1768 1674/1936/1768 1689/1951/1768 1690/1952/1768
f 1668/1930/1769 1667/1929/1769 1682/1944/1769 1683/1945/1769
f 1661/1923/1770 1540/1785/1770 1676/1938/1770
f 1766/2042/1771 1675/1937/1771 1690/1952/1771
f 1669/1931/1772 1668/1930/1772 1683/1945/1772 1684/1946/1772
f 1662/1924/1773 1661/1923/1773 1676/1938/1773 1677/1939/1773
f 1670/1932/1774 1669/1931/1774 1684/1946/1774 1685/1947/1774
f 1663/1925/1775 1662/1924/1775 1677/1939/1775 1678/1940/1775
f 1671/1933/1776 1670/1932/1776 1685/1947/1776 1686/1948/1776
f 1664/1926/1777 1663/1925/1777 1678/1940/1777 1679/1941/1777
f 1672/1934/1778 1671/1933/1778 1686/1948/1778 1687/1949/1778
f 1665/1927/1779 1664/1926/1779 1679/1941/1779 1680/1942/1779
f 1673/1935/1780 1672/1934/1780 1687/1949/1780 1688/1950/1780
f 1666/1928/1781 1665/1927/1781 1680/1942/1781 1681/1943/1781
f 1678/1940/1782 1677/1939/1782 1692/1954/1782 1693/1955/1782
f 1686/1948/1783 1685/1947/1783 1700/1962/1783 1701/1963/1783
f 1679/1941/1784 1678/1940/1784 1693/1955/1784 1694/1956/1784
f 1687/1949/1785 1686/1948/1785 1701/1963/1785 1702/1964/1785
f 1680/1942/1786 1679/1941/1786 1694/1956/1786 1695/1957/1786
f 1688/1950/1787 1687/1949/1787 1702/1964/1787 1703/1965/1787
f 1681/1943/1788 1680/1942/1788 1695/1957/1788 1696/1958/1788
f 1689/1951/1789 1688/1950/1789 1703/1965/1789 1704/1966/1789
f 1682/1944/1790 1681/1943/1790 1696/1958/1790 1697/1959/1790
f 1690/1952/1791 1689/1951/1791 1704/1966/1791 1705/1967/1791
f 1683/1945/1792 1682/1944/1792 1697/1959/1792 1698/1960/1792
f 1676/1938/1793 1540/1786/1793 1691/1953/1793
f 1766/2043/1794 1690/1952/1794 1705/1967/1794
f 1684/1946/1795 1683/1945/1795 1698/1960/1795 1699/1961/1795
f 1677/1939/1796 1676/1938/1796 1691/1953/1796 1692/1954/1796
f 1685/1947/1797 1684/1946/1797 1699/1961/1797 1700/1962/1797
f 1697/1959/1798 1696/1958/1798 1711/1973/1798 1712/1974/1798
f 1705/1967/1799 1704/1966/1799 1719/1981/1799 1720/1982/1799
f 1698/1960/1800 1697/1959/1800 1712/1974/1800 1713/1975/1800
f 1691/1953/1801 1540/1787/1801 1706/1968/1801
f 1766/2044/1802 1705/1967/1802 1720/1982/1802
f 1699/1961/1803 1698/1960/1803 1713/1975/1803 1714/1976/1803
f 1692/1954/1804 1691/1953/1804 1706/1968/1804 1707/1969/1804
f 1700/1962/1805 1699/1961/1805 1714/1976/1805 1715/1977/1805
f 1693/1955/1806 1692/1954/1806 1707/1969/1806 1708/1970/1806
f 1701/1963/1807 1700/1962/1807 1715/1977/1807 1716/1978/1807
f 1694/1956/1808 1693/1955/1808 1708/1970/1808 1709/1971/1808
f 1702/1964/1809 1701/1963/1809 1716/1978/1809 1717/1979/1809
f 1695/1957/1810 1694/1956/1810 1709/1971/1810 1710/1972/1810
f 1703/1965/1811 1702/1964/1811 1717/1979/1811 1718/1980/1811
f 1696/1958/1812 1695/1957/1812 1710/1972/1812 1711/1973/1812
f 1704/1966/1813 1703/1965/1813 1718/1980/1813 1719/1981/1813
f 1716/1978/1814 1715/1977/1814 1730/1992/1814 1731/1993/1814
f 1709/1971/1815 1708/1970/1815 1723/1985/1815 1724/1986/1815
f 1717/1979/1816 1716/1978/1816 1731/1993/1816 1732/1994/1816
f 1710/1972/1817 1709/1971/1817 1724/1986/1817 1725/1987/1817
f 1718/1980/1818 1717/1979/1818 1732/1994/1818 1733/1995/1818
f 1711/1973/1819 1710/1972/1819 1725/1987/1819 1726/1988/1819
f 1719/1981/1820 1718/1980/1820 1733/1995/1820 1734/1996/1820
f 1712/1974/1821 1711/1973/1821 1726/1988/1821 1727/1989/1821
f 1720/1982/1822 1719/1981/1822 1734/1996/1822 1735/1997/1822
f 1713/1975/1823 1712/1974/1823 1727/1989/1823 1728/1990/1823
f 1706/1968/1824 1540/1788/1824 1721/1983/1824
f 1766/2045/1825 1720/1982/1825 1735/1997/1825
f 1714/1976/1826 1713/1975/1826 1728/1990/1826 1729/1991/1826
f 1707/1969/1827 1706/1968/1827 1721/1983/1827 1722/1984/1827
f 1715/1977/1828 1714/1976/1828 1729/1991/1828 1730/1992/1828
f 1708/1970/1829 1707/1969/1829 1722/1984/1829 1723/1985/1829
f 1735/1997/1830 1734/1996/1830 1749/2011/1830 1750/2012/1830
f 1728/1990/1831 1727/1989/1831 1742/2004/1831 1743/2005/1831
f 1721/1983/1832 1540/1789/1832 1736/1998/1832
f 1766/2046/1833 1735/1997/1833 1750/2012/1833
f 1729/1991/1834 1728/1990/1834 1743/2005/1834 1744/2006/1834
f 1722/1984/1835 1721/1983/1835 1736/1998/1835 1737/1999/1835
f 1730/1992/1836 1729/1991/1836 1744/2006/1836 1745/2007/1836
f 1723/1985/1837 1722/1984/1837 1737/1999/1837 1738/2000/1837
f 1731/1993/1838 1730/1992/1838 1745/2007/1838 1746/2008/1838
f 1724/1986/1839 1723/1985/1839 1738/2000/1839 1739/2001/1839
f 1732/1994/1840 1731/1993/1840 1746/2008/1840 1747/2009/1840
f 1725/1987/1841 1724/1986/1841 1739/2001/1841 1740/2002/1841
f 1733/1995/1842 1732/1994/1842 1747/2009/1842 1748/2010/1842
f 1726/1988/1843 1725/1987/1843 1740/2002/1843 1741/2003/1843
f 1734/1996/1844 1733/1995/1844 1748/2010/1844 1749/2011/1844
f 1727/1989/1845 1726/1988/1845 1741/2003/1845 1742/2004/1845
f 1739/2001/1846 1738/2000/1846 1753/2015/1846 1754/2016/1846
f 1747/2009/1847 1746/2008/1847 1761/2023/1847 1762/2024/1847
f 1740/2002/1848 1739/2001/1848 1754/2016/1848 1755/2017/1848
f 1748/2010/1849 1747/2009/1849 1762/2024/1849 1763/2025/1849
f 1741/2003/1850 1740/2002/1850 1755/2017/1850 1756/2018/1850
f 1749/2011/1851 1748/2010/1851 1763/2025/1851 1764/2026/1851
f 1742/2004/1852 1741/2003/1852 1756/2018/1852 1757/2019/1852
f 1750/2012/1853 1749/2011/1853 1764/2026/1853 1765/2027/1853
f 1743/2005/1854 1742/2004/1854 1757/2019/1854 1758/2020/1854
f 1736/1998/1855 1540/1790/1855 1751/2013/1855
f 1766/2047/1856 1750/2012/1856 1765/2027/1856
f 1744/2006/1857 1743/2005/1857 1758/2020/1857 1759/2021/1857
f 1737/1999/1858 1736/1998/1858 1751/2013/1858 1752/2014/1858
f 1745/2007/1859 1744/2006/1859 1759/2021/1859 1760/2022/1859
f 1738/2000/1860 1737/1999/1860 1752/2014/1860 1753/2015/1860
f 1746/2008/1861 1745/2007/1861 1760/2022/1861 1761/2023/1861
f 1758/2020/1862 1757/2019/1862 1773/2066/1862 1774/2067/1862
f 1751/2013/1863 1540/1791/1863 1767/2060/1863
f 1766/2048/1864 1765/2027/1864 1781/2074/1864
f 1759/2021/1865 1758/2020/1865 1774/2067/1865 1775/2068/1865
f 1752/2014/1866 1751/2013/1866 1767/2060/1866 1768/2061/1866
f 1760/2022/1867 1759/2021/1867 1775/2068/1867 1776/2069/1867
f 1753/2015/1868 1752/2014/1868 1768/2061/1868 1769/2062/1868
f 1761/2023/1869 1760/2022/1869 1776/2069/1869 1777/2070/1869
f 1754/2016/1870 1753/2015/1870 1769/2062/1870 1770/2063/1870
f 1762/2024/1871 1761/2023/1871 1777/2070/1871 1778/2071/1871
f 1755/2017/1872 1754/2016/1872 1770/2063/1872 1771/2064/1872
f 1763/2025/1873 1762/2024/1873 1778/2071/1873 1779/2072/1873
f 1756/2018/1874 1755/2017/1874 1771/2064/1874 1772/2065/1874
f 1764/2026/1875 1763/2025/1875 1779/2072/1875 1780/2073/1875
f 1757/2019/1876 1756/2018/1876 1772/2065/1876 1773/2066/1876
f 1765/2027/1877 1764/2026/1877 1780/2073/1877 1781/2074/1877
f 1778/2071/1878 1777/2070/1878 1792/2085/1878 1793/2086/1878
f 1771/2064/1879 1770/2063/1879 1785/2078/1879 1786/2079/1879
f 1779/2072/1880 1778/2071/1880 1793/2086/1880 1794/2087/1880
f 1772/2065/1881 1771/2064/1881 1786/2079/1881 1787/2080/1881
f 1780/2073/1882 1779/2072/1882 1794/2087/1882 1795/2088/1882
f 1773/2066/1883 1772/2065/1883 1787/2080/1883 1788/2081/1883
f 1781/2074/1884 1780/2073/1884 1795/2088/1884 1796/2089/1884
f 1774/2067/1885 1773/2066/1885 1788/2081/1885 1789/2082/1885
f 1767/2060/1886 1540/1792/1886 1782/2075/1886
f 1766/2049/1887 1781/2074/1887 1796/2089/1887
f 1775/2068/1888 1774/2067/1888 1789/2082/1888 1790/2083/1888
f 1768/2061/1889 1767/2060/1889 1782/2075/1889 1783/2076/1889
f 1776/2069/1890 1775/2068/1890 1790/2083/1890 1791/2084/1890
f 1769/2062/1891 1768/2061/1891 1783/2076/1891 1784/2077/1891
f 1777/2070/1892 1776/2069/1892 1791/2084/1892 1792/2085/1892
f 1770/2063/1893 1769/2062/1893 1784/2077/1893 1785/2078/1893
f 1766/2050/1894 1796/2089/1894 1811/2104/1894
f 1790/2083/1895 1789/2082/1895 1804/2097/1895 1805/2098/1895
f 1783/2076/1896 1782/2075/1896 1797/2090/1896 1798/2091/1896
f 1791/2084/1897 1790/2083/1897 1805/2098/1897 1806/2099/1897
f 1784/2077/1898 1783/2076/1898 1798/2091/1898 1799/2092/1898
f 1792/2085/1899 1791/2084/1899 1806/2099/1899 1807/2100/1899
f 1785/2078/1900 1784/2077/1900 1799/2092/1900 1800/2093/1900
f 1793/2086/1901 1792/2085/1901 1807/2100/1901 1808/2101/1901
f 1786/2079/1902 1785/2078/1902 1800/2093/1902 1801/2094/1902
f 1794/2087/1903 1793/2086/1903 1808/2101/1903 1809/2102/1903
f 1787/2080/1904 1786/2079/1904 1801/2094/1904 1802/2095/1904
f 1795/2088/1905 1794/2087/1905 1809/2102/1905 1810/2103/1905
f 1788/2081/1906 1787/2080/1906 1802/2095/1906 1803/2096/1906
f 1796/2089/1907 1795/2088/1907 1810/2103/1907 1811/2104/1907
f 1789/2082/1908 1788/2081/1908 1803/2096/1908 1804/2097/1908
f 1782/2075/1909 1540/1793/1909 1797/2090/1909
f 1809/2102/1910 1808/2101/1910 1823/2127/1910 1824/2129/1910
f 1802/2095/1911 1801/2094/1911 1816/2113/1911 1817/2115/1911
f 1810/2103/1912 1809/2102/1912 1824/2129/1912 1825/2131/1912
f 1803/2096/1913 1802/2095/1913 1817/2115/1913 1818/2117/1913
f 1811/2104/1914 1810/2103/1914 1825/2131/1914 1826/2133/1914
f 1804/2097/1915 1803/2096/1915 1818/2117/1915 1819/2119/1915
f 1797/2090/1916 1540/1794/1916 1812/2105/1916
f 1766/2051/1917 1811/2104/1917 1826/2133/1917
f 1805/2098/1918 1804/2097/1918 1819/2119/1918 1820/2121/1918
f 1798/2091/1919 1797/2090/1919 1812/2105/1919 1813/2107/1919
f 1806/2099/1920 1805/2098/1920 1820/2121/1920 1821/2123/1920
f 1799/2092/1921 1798/2091/1921 1813/2107/1921 1814/2109/1921
f 1807/2100/1922 1806/2099/1922 1821/2123/1922 1822/2125/1922
f 1800/2093/1923 1799/2092/1923 1814/2109/1923 1815/2111/1923
f 1808/2101/1924 1807/2100/1924 1822/2125/1924 1823/2127/1924
f 1801/2094/1925 1800/2093/1925 1815/2111/1925 1816/2113/1925
f 1813/2108/1926 1812/2106/1926 1827/2135/1926 1828/2136/1926
f 1821/2124/1927 1820/2122/1927 1835/2143/1927 1836/2144/1927
f 1814/2110/1928 1813/2108/1928 1828/2136/1928 1829/2137/1928
f 1822/2126/1929 1821/2124/1929 1836/2144/1929 1837/2145/1929
f 1815/2112/1930 1814/2110/1930 1829/2137/1930 1830/2138/1930
f 1823/2128/1931 1822/2126/1931 1837/2145/1931 1838/2146/1931
f 1816/2114/1932 1815/2112/1932 1830/2138/1932 1831/2139/1932
f 1824/2130/1933 1823/2128/1933 1838/2146/1933 1839/2147/1933
f 1817/2116/1934 1816/2114/1934 1831/2139/1934 1832/2140/1934
f 1825/2132/1935 1824/2130/1935 1839/2147/1935 1840/2148/1935
f 1818/2118/1936 1817/2116/1936 1832/2140/1936 1833/2141/1936
f 1826/2134/1937 1825/2132/1937 1840/2148/1937 1841/2149/1937
f 1819/2120/1938 1818/2118/1938 1833/2141/1938 1834/2142/1938
f 1812/2106/1939 1540/1795/1939 1827/2135/1939
f 1766/2052/1940 1826/2134/1940 1841/2149/1940
f 1820/2122/1941 1819/2120/1941 1834/2142/1941 1835/2143/1941
f 1832/2140/1942 1831/2139/1942 1846/2154/1942 1847/2155/1942
f 1840/2148/1943 1839/2147/1943 1854/2162/1943 1855/2163/1943
f 1833/2141/1944 1832/2140/1944 1847/2155/1944 1848/2156/1944
f 1841/2149/1945 1840/2148/1945 1855/2163/1945 1856/2164/1945
f 1834/2142/1946 1833/2141/1946 1848/2156/1946 1849/2157/1946
f 1827/2135/1947 1540/1796/1947 1842/2150/1947
f 1766/2053/1948 1841/2149/1948 1856/2164/1948
f 1835/2143/1949 1834/2142/1949 1849/2157/1949 1850/2158/1949
f 1828/2136/1950 1827/2135/1950 1842/2150/1950 1843/2151/1950
f 1836/2144/1951 1835/2143/1951 1850/2158/1951 1851/2159/1951
f 1829/2137/1952 1828/2136/1952 1843/2151/1952 1844/2152/1952
f 1837/2145/1953 1836/2144/1953 1851/2159/1953 1852/2160/1953
f 1830/2138/1954 1829/2137/1954 1844/2152/1954 1845/2153/1954
f 1838/2146/1955 1837/2145/1955 1852/2160/1955 1853/2161/1955
f 1831/2139/1956 1830/2138/1956 1845/2153/1956 1846/2154/1956
f 1839/2147/1957 1838/2146/1957 1853/2161/1957 1854/2162/1957
f 1851/2159/1958 1850/2158/1958 1865/2173/1958 1866/2174/1958
f 1844/2152/1959 1843/2151/1959 1858/2166/1959 1859/2167/1959
f 1852/2160/1960 1851/2159/1960 1866/2174/1960 1867/2175/1960
f 1845/2153/1961 1844/2152/1961 1859/2167/1961 1860/2168/1961
f 1853/2161/1962 1852/2160/1962 1867/2175/1962 1868/2176/1962
f 1846/2154/1963 1845/2153/1963 1860/2168/1963 1861/2169/1963
f 1854/2162/1964 1853/2161/1964 1868/2176/1964 1869/2177/1964
f 1847/2155/1965 1846/2154/1965 1861/2169/1965 1862/2170/1965
f 1855/2163/1966 1854/2162/1966 1869/2177/1966 1870/2178/1966
f 1848/2156/1967 1847/2155/1967 1862/2170/1967 1863/2171/1967
f 1856/2164/1968 1855/2163/1968 1870/2178/1968 1871/2179/1968
f 1849/2157/1969 1848/2156/1969 1863/2171/1969 1864/2172/1969
f 1842/2150/1970 1540/1797/1970 1857/2165/1970
f 1766/2054/1971 1856/2164/1971 1871/2179/1971
f 1850/2158/1972 1849/2157/1972 1864/2172/1972 1865/2173/1972
f 1843/2151/1973 1842/2150/1973 1857/2165/1973 1858/2166/1973
f 1870/2178/1974 1869/2177/1974 1884/2192/1974 1885/2193/1974
f 1863/2171/1975 1862/2170/1975 1877/2185/1975 1878/2186/1975
f 1871/2179/1976 1870/2178/1976 1885/2193/1976 1886/2194/1976
f 1864/2172/1977 1863/2171/1977 1878/2186/1977 1879/2187/1977
f 1857/2165/1978 1540/1798/1978 1872/2180/1978
f 1766/2055/1979 1871/2179/1979 1886/2194/1979
f 1865/2173/1980 1864/2172/1980 1879/2187/1980 1880/2188/1980
f 1858/2166/1981 1857/2165/1981 1872/2180/1981 1873/2181/1981
f 1866/2174/1982 1865/2173/1982 1880/2188/1982 1881/2189/1982
f 1859/2167/1983 1858/2166/1983 1873/2181/1983 1874/2182/1983
f 1867/2175/1984 1866/2174/1984 1881/2189/1984 1882/2190/1984
f 1860/2168/1985 1859/2167/1985 1874/2182/1985 1875/2183/1985
f 1868/2176/1986 1867/2175/1986 1882/2190/1986 1883/2191/1986
f 1861/2169/1987 1860/2168/1987 1875/2183/1987 1876/2184/1987
f 1869/2177/1988 1868/2176/1988 1883/2191/1988 1884/2192/1988
f 1862/2170/1989 1861/2169/1989 1876/2184/1989 1877/2185/1989
f 1874/2182/1990 1873/2181/1990 1888/2196/1990 1889/2197/1990
f 1882/2190/1991 1881/2189/1991 1896/2204/1991 1897/2205/1991
f 1875/2183/1992 1874/2182/1992 1889/2197/1992 1890/2198/1992
f 1883/2191/1993 1882/2190/1993 1897/2205/1993 1898/2206/1993
f 1876/2184/1994 1875/2183/1994 1890/2198/1994 1891/2199/1994
f 1884/2192/1995 1883/2191/1995 1898/2206/1995 1899/2207/1995
f 1877/2185/1996 1876/2184/1996 1891/2199/1996 1892/2200/1996
f 1885/2193/1997 1884/2192/1997 1899/2207/1997 1900/2208/1997
f 1878/2186/1998 1877/2185/1998 1892/2200/1998 1893/2201/1998
f 1886/2194/1999 1885/2193/1999 1900/2208/1999 1901/2209/1999
f 1879/2187/2000 1878/2186/2000 1893/2201/2000 1894/2202/2000
f 1872/2180/2001 1540/1799/2001 1887/2195/2001
f 1766/2056/2002 1886/2194/2002 1901/2209/2002
f 1880/2188/2003 1879/2187/2003 1894/2202/2003 1895/2203/2003
f 1873/2181/2004 1872/2180/2004 1887/2195/2004 1888/2196/2004
f 1881/2189/2005 1880/2188/2005 1895/2203/2005 1896/2204/2005
f 1893/2201/2006 1892/2200/2006 1907/2215/2006 1908/2216/2006
f 1901/2209/2007 1900/2208/2007 1915/2223/2007 1916/2224/2007
f 1894/2202/2008 1893/2201/2008 1908/2216/2008 1909/2217/2008
f 1887/2195/2009 1540/1800/2009 1902/2210/2009
f 1766/2057/2010 1901/2209/2010 1916/2224/2010
f 1895/2203/2011 1894/2202/2011 1909/2217/2011 1910/2218/2011
f 1888/2196/2012 1887/2195/2012 1902/2210/2012 1903/2211/2012
f 1896/2204/2013 1895/2203/2013 1910/2218/2013 1911/2219/2013
f 1889/2197/2014 1888/2196/2014 1903/2211/2014 1904/2212/2014
f 1897/2205/2015 1896/2204/2015 1911/2219/2015 1912/2220/2015
f 1890/2198/2016 1889/2197/2016 1904/2212/2016 1905/2213/2016
f 1898/2206/2017 1897/2205/2017 1912/2220/2017 1913/2221/2017
f 1891/2199/2018 1890/2198/2018 1905/2213/2018 1906/2214/2018
f 1899/2207/2019 1898/2206/2019 1913/2221/2019 1914/2222/2019
f 1892/2200/2020 1891/2199/2020 1906/2214/2020 1907/2215/2020
f 1900/2208/2021 1899/2207/2021 1914/2222/2021 1915/2223/2021
f 1912/2220/2022 1911/2219/2022 1926/2234/2022 1927/2235/2022
f 1905/2213/2023 1904/2212/2023 1919/2227/2023 1920/2228/2023
f 1913/2221/2024 1912/2220/2024 1927/2235/2024 1928/2236/2024
f 1906/2214/2025 1905/2213/2025 1920/2228/2025 1921/2229/2025
f 1914/2222/2026 1913/2221/2026 1928/2236/2026 1929/2237/2026
f 1907/2215/2027 1906/2214/2027 1921/2229/2027 1922/2230/2027
f 1915/2223/2028 1914/2222/2028 1929/2237/2028 1930/2238/2028
f 1908/2216/2029 1907/2215/2029 1922/2230/2029 1923/2231/2029
f 1916/2224/2030 1915/2223/2030 1930/2238/2030 1931/2239/2030
f 1909/2217/2031 1908/2216/2031 1923/2231/2031 1924/2232/2031
f 1902/2210/2032 1540/1801/2032 1917/2225/2032
f 1766/2058/2033 1916/2224/2033 1931/2239/2033
f 1910/2218/2034 1909/2217/2034 1924/2232/2034 1925/2233/2034
f 1903/2211/2035 1902/2210/2035 1917/2225/2035 1918/2226/2035
f 1911/2219/2036 1910/2218/2036 1925/2233/2036 1926/2234/2036
f 1904/2212/2037 1903/2211/2037 1918/2226/2037 1919/2227/2037
f 1931/2239/2038 1930/2238/2038 1939/2247/2038 1940/2248/2038
f 1924/2232/2039 1923/2231/2039 1461/1692/2039 1462/1693/2039
f 1917/2225/2040 1540/1802/2040 1932/2240/2040
f 1766/2059/2041 1931/2239/2041 1940/2248/2041
f 1925/2233/2042 1924/2232/2042 1462/1693/2042 1463/1694/2042
f 1918/2226/2043 1917/2225/2043 1932/2240/2043 1933/2241/2043
f 1926/2234/2044 1925/2233/2044 1463/1694/2044 1936/2244/2044
f 1919/2227/2045 1918/2226/2045 1933/2241/2045 1459/1690/2045
f 1927/2235/2046 1926/2234/2046 1936/2244/2046 1464/1695/2046
f 1920/2228/2047 1919/2227/2047 1459/1690/2047 1934/2242/2047
f 1928/2236/2048 1927/2235/2048 1464/1695/2048 1937/2245/2048
f 1921/2229/2049 1920/2228/2049 1934/2242/2049 1460/1691/2049
f 1929/2237/2050 1928/2236/2050 1937/2245/2050 1938/2246/2050
f 1922/2230/2051 1921/2229/2051 1460/1691/2051 1935/2243/2051
f 1930/2238/2052 1929/2237/2052 1938/2246/2052 1939/2247/2052
f 1923/2231/2053 1922/2230/2053 1935/2243/2053 1461/1692/2053
